station_code,year,page,region,station_name,coordinates,latitude,longitude,distance_km,catchment_area_km2,annual_mm,annual_lt_sn_km2,annual_total_m3,avg_annual_flow_m3s,average_of_avg,average_for_max,average_for_min,average_ltsnkm2,average_mm,average_of_mil_m3,oct_max,nov_max,dec_max,jan_max,feb_max,mar_max,apr_max,may_max,jun_max,jul_max,aug_max,sep_max,oct_min,nov_min,dec_min,jan_min,feb_min,mar_min,apr_min,may_min,jun_min,jul_min,aug_min,sep_min,oct_avg,nov_avg,dec_avg,jan_avg,feb_avg,mar_avg,apr_avg,may_avg,jun_avg,jul_avg,aug_avg,sep_avg,oct_ltsnkm2,nov_ltsnkm2,dec_ltsnkm2,jan_ltsnkm2,feb_ltsnkm2,mar_ltsnkm2,apr_ltsnkm2,may_ltsnkm2,jun_ltsnkm2,jul_ltsnkm2,aug_ltsnkm2,sep_ltsnkm2,oct_mm,nov_mm,dec_mm,jan_mm,feb_mm,mar_mm,apr_mm,may_mm,jun_mm,jul_mm,aug_mm,sep_mm,oct_mil_m3,nov_mil_m3,dec_mil_m3,jan_mil_m3,feb_mil_m3,mar_mil_m3,apr_mil_m3,may_mil_m3,jun_mil_m3,jul_mil_m3,aug_mil_m3,sep_mil_m3,max_flow,min_flow,mean_flow,flow_variability_index,baseflow_index,oct_coefficient,nov_coefficient,dec_coefficient,jan_coefficient,feb_coefficient,mar_coefficient,apr_coefficient,may_coefficient,jun_coefficient,jul_coefficient,aug_coefficient,sep_coefficient,mean_monthly_mm,flow_concentration_index
E22A065,2019,913,22. Dogu Karadeniz Havzasi,ELEKÇİ DERESİ BOZDAĞI,"37°26'10"" Doğu - 40°59'18"" Kuzey",40.988,37.436,26.661,386.4,645.0,20.5,249210000.0,6.33,7.878,40.347,2.768,20.42,53.75,20.768,90.8,9.08,24.6,31.8,10.4,36.9,47.1,27.0,38.3,45.6,118.0,4.58,0.723,0.974,1.73,6.32,3.77,6.32,4.17,1.48,1.98,1.48,2.54,1.73,2.69,2.51,8.85,13.8,7.95,10.9,16.4,5.13,4.13,8.06,11.7,2.42,6.97,6.5,22.9,35.8,20.6,28.2,42.5,13.3,10.7,20.9,30.4,6.27,18.7,16.8,61.4,96.0,49.8,75.5,110.0,35.5,27.7,55.9,81.4,16.3,7.22,6.51,23.7,37.1,19.2,29.2,42.6,13.7,10.7,21.6,31.4,6.28,118.0,0.723,7.878333333333334,14.977787180029615,0.091770679077639,0.0289922480620155,0.0260465116279069,0.0951937984496124,0.1488372093023255,0.0772093023255813,0.1170542635658914,0.1705426356589147,0.0550387596899224,0.0429457364341085,0.0866666666666666,0.1262015503875969,0.0252713178294573,53.74999999999999,1.0000000000000002
E22A065,2017,940,22. Dogu Karadeniz Havzasi,ELEKÇİ DERESİ BOZDAĞI,"37°26'10"" Doğu - 40°59'18"" Kuzey",40.988,37.436,26.661,386.4,490.0,15.6,189510000.0,6.319,6.056,24.802,2.169,15.651,40.907,15.792,4.98,30.6,51.7,29.4,33.0,38.3,31.8,31.8,34.2,5.38,3.37,3.09,0.562,0.723,2.54,2.54,3.37,7.72,5.38,1.73,0.974,0.089,0.076,0.32,1.16,2.98,8.31,9.51,12.9,14.7,9.49,6.37,4.79,1.25,0.706,0.511,3.01,7.71,21.5,24.6,33.3,37.9,24.5,16.5,12.4,3.24,1.83,1.32,8.06,20.0,57.6,65.9,80.5,102.0,63.6,44.1,32.1,8.69,4.9,3.43,3.11,7.73,22.3,25.5,31.1,39.2,24.6,17.0,12.4,3.36,1.89,1.32,51.7,0.076,6.056416666666667,8.536400787044045,0.0125486742710898,0.0164489795918367,0.0408163265306122,0.1175510204081632,0.1344897959183673,0.1642857142857142,0.2081632653061224,0.1297959183673469,0.09,0.0655102040816326,0.017734693877551,0.01,0.007,40.90666666666667,0.9982073011734026
E22A065,2012,888,22. Dogu Karadeniz Havzasi,ELEKÇİ DERESİ BOZDAĞI,"37°26'10"" Doğu - 40°59'18"" Kuzey",40.988,37.436,26.661,386.4,476.0,15.1,184000000.0,5.817,5.837,25.57,2.502,15.098,39.662,15.333,29.4,76.9,41.2,8.4,25.8,36.9,35.4,11.8,19.8,14.5,3.37,3.37,0.974,3.37,2.81,3.09,3.37,7.72,3.77,2.26,0.974,0.562,0.562,0.562,3.34,9.38,5.26,5.11,8.28,15.5,12.0,3.63,3.4,2.13,1.02,0.992,8.65,24.3,13.6,13.2,21.4,40.0,31.1,9.4,8.8,5.51,2.65,2.57,23.2,62.9,36.5,35.4,53.7,107.0,80.7,25.2,22.8,14.8,7.09,6.65,8.95,24.3,14.1,13.7,20.8,41.4,31.2,9.73,8.81,5.7,2.74,2.57,76.9,0.562,5.836833333333334,13.17495217155421,0.0962850860912024,0.0487394957983193,0.1321428571428571,0.0766806722689075,0.0743697478991596,0.1128151260504201,0.2247899159663865,0.1695378151260504,0.0529411764705882,0.0478991596638655,0.0310924369747899,0.0148949579831932,0.0139705882352941,39.66166666666666,1.0001260663108795
E22A065,2016,934,22. Dogu Karadeniz Havzasi,ELEKÇİ DERESİ BOZDAĞI,"37°26'10"" Doğu - 40°59'18"" Kuzey",40.988,37.436,26.661,386.4,552.0,17.5,213190000.0,6.353,6.792,48.35,1.878,17.574,46.028,17.766,20.7,15.4,10.4,75.0,115.0,62.1,12.5,34.2,60.4,80.7,28.2,65.6,0.32,0.974,1.23,1.73,5.38,4.58,4.58,0.723,1.23,0.178,0.974,0.642,2.91,3.11,4.03,13.2,20.5,11.4,5.46,6.14,6.55,4.6,1.38,2.22,7.53,8.06,10.4,34.2,52.9,29.6,14.1,15.9,17.0,11.9,3.56,5.74,20.2,20.9,27.9,91.6,133.0,79.3,36.6,42.5,44.0,31.9,9.54,14.9,7.79,8.07,10.8,35.4,51.3,30.6,14.1,16.4,17.0,12.3,3.68,5.75,115.0,0.178,6.791666666666665,16.932515337423318,0.0262085889570552,0.0365942028985507,0.0378623188405797,0.0505434782608695,0.1659420289855072,0.2409420289855072,0.143659420289855,0.0663043478260869,0.0769927536231884,0.0797101449275362,0.0577898550724637,0.0172826086956521,0.0269927536231884,46.028333333333336,0.9993844371220624
E22A065,2013,896,22. Dogu Karadeniz Havzasi,ELEKÇİ DERESİ BOZDAĞI,"37°26'10"" Doğu - 40°59'18"" Kuzey",40.988,37.436,26.661,386.4,507.0,16.1,195900000.0,6.258,6.257,53.609,1.743,16.185,42.243,16.325,42.7,125.0,19.8,42.7,30.6,24.6,58.7,13.8,273.0,5.85,1.98,4.58,0.481,0.481,0.32,2.81,4.98,5.38,2.54,1.48,1.23,0.285,0.285,0.642,1.36,18.1,5.81,13.9,9.15,9.61,5.95,2.63,5.02,1.69,0.669,1.2,3.51,46.8,15.0,35.9,23.7,24.9,15.4,6.8,13.0,4.36,1.73,3.12,9.41,121.0,40.3,96.1,57.3,66.6,39.9,18.2,33.7,11.7,4.64,8.07,3.64,46.9,15.6,37.1,22.1,25.7,15.4,7.04,13.0,4.51,1.79,3.12,273.0,0.285,6.257416666666667,43.62822783630092,0.0455459521367976,0.018560157790927,0.2386587771203155,0.0794871794871794,0.1895463510848126,0.1130177514792899,0.1313609467455621,0.078698224852071,0.0358974358974358,0.0664694280078895,0.023076923076923,0.0091518737672583,0.0159171597633136,42.24333333333332,1.000157815828928
E22A065,2020,913,22. Dogu Karadeniz Havzasi,ELEKÇİ DERESİ BOZDAĞI,"37°26'10"" Doğu - 40°59'18"" Kuzey",40.988,37.436,26.661,386.4,410.0,13.0,158300000.0,6.228,5.049,24.058,2.186,13.058,34.133,13.192,5.85,31.8,20.7,34.2,76.9,18.1,14.5,16.3,35.4,3.77,27.0,4.17,1.23,1.23,1.23,2.26,7.72,6.32,3.77,0.723,0.642,0.481,0.143,0.481,2.12,3.06,4.52,6.63,15.6,11.1,5.57,4.44,4.54,1.16,1.03,0.823,5.49,7.91,11.7,17.2,40.4,28.6,14.4,11.5,11.7,3.01,2.66,2.13,14.7,20.5,31.4,46.0,101.0,76.7,37.4,30.8,30.4,8.06,7.12,5.52,5.68,7.93,12.1,17.8,39.1,29.6,14.4,11.9,11.8,3.11,2.75,2.13,76.9,0.143,5.049416666666667,15.229481953360953,0.0283201029821926,0.0358536585365853,0.05,0.0765853658536585,0.1121951219512195,0.2463414634146341,0.1870731707317073,0.0912195121951219,0.0751219512195121,0.0741463414634146,0.0196585365853658,0.0173658536585365,0.0134634146341463,34.13333333333333,1.0009765625
E22A065,2018,942,22. Dogu Karadeniz Havzasi,ELEKÇİ DERESİ BOZDAĞI,"37°26'10"" Doğu - 40°59'18"" Kuzey",40.988,37.436,26.661,386.4,397.0,12.6,153440000.0,6.187,4.876,53.661,1.074,12.617,33.098,12.787,6.78,3.77,62.1,93.0,23.4,58.7,13.8,71.1,11.8,9.08,282.0,8.4,0.562,0.642,0.723,2.26,3.09,2.26,0.723,0.723,0.723,0.642,0.285,0.249,1.4,1.03,6.92,9.29,9.59,11.5,3.66,2.99,2.31,2.23,6.37,1.22,3.63,2.65,17.9,24.1,24.8,29.7,9.48,7.73,5.97,5.78,16.5,3.16,9.71,6.88,48.0,64.4,60.0,79.6,24.6,20.7,15.5,15.5,44.1,8.18,3.75,2.66,18.5,24.9,23.2,30.7,9.5,8.0,5.98,5.99,17.1,3.16,282.0,0.249,4.8758333333333335,57.83626730473423,0.0510681934712015,0.0244584382871536,0.0173299748110831,0.1209068010075566,0.1622166246851385,0.1511335012594458,0.2005037783375314,0.0619647355163728,0.0521410579345088,0.0390428211586901,0.0390428211586901,0.1110831234256927,0.0206045340050377,33.097500000000004,0.9995719716997756
E22A065,2014,966,22. Dogu Karadeniz Havzasi,ELEKÇİ DERESİ BOZDAĞI,"37°26'10"" Doğu - 40°59'18"" Kuzey",40.988,37.436,26.661,386.4,210.0,6.7,81270000.0,5.731,2.569,13.958,0.926,6.644,17.506,6.772,24.6,2.81,20.7,9.75,4.98,24.6,11.1,9.08,23.4,13.8,1.98,20.7,0.562,0.481,1.23,1.23,1.23,1.98,1.48,1.23,0.562,0.481,0.32,0.32,2.14,1.11,4.69,4.18,2.39,4.13,2.8,2.82,2.87,0.917,0.667,2.11,5.54,2.88,12.1,10.8,6.19,10.7,7.25,7.3,7.42,2.37,1.73,5.45,14.8,7.48,32.5,29.0,15.0,28.6,18.8,19.6,19.2,6.36,4.63,14.1,5.73,2.89,12.6,11.2,5.79,11.1,7.26,7.56,7.43,2.46,1.79,5.46,24.6,0.32,2.568666666666667,9.57695302361796,0.1245782507137295,0.0704761904761904,0.0356190476190476,0.1547619047619047,0.1380952380952381,0.0714285714285714,0.1361904761904762,0.0895238095238095,0.0933333333333333,0.0914285714285714,0.0302857142857142,0.022047619047619,0.0671428571428571,17.50583333333333,0.9996667777407532
E22A065,2015,931,22. Dogu Karadeniz Havzasi,ELEKÇİ DERESİ BOZDAĞI,"37°26'10"" Doğu - 40°59'18"" Kuzey",40.988,37.436,26.661,386.4,842.0,26.7,325450000.0,6.305,10.363,96.38,1.464,26.814,70.153,27.121,47.1,245.0,35.4,50.0,36.9,56.9,75.0,21.6,558.0,20.7,4.58,5.38,0.214,0.401,1.73,2.26,2.26,4.17,3.37,0.023,0.103,2.54,0.178,0.32,9.71,18.5,8.38,12.3,9.98,16.9,13.9,4.14,24.5,4.36,0.92,0.769,25.1,47.8,21.7,31.8,25.8,43.9,36.0,10.7,63.3,11.3,2.38,1.99,67.3,124.0,58.1,85.1,62.5,117.0,93.4,28.7,164.0,30.2,6.38,5.16,26.0,47.8,22.5,32.9,24.1,45.4,36.1,11.1,63.4,11.7,2.46,1.99,558.0,0.023,10.363250000000004,53.844112609461305,0.0022193809856946,0.0799287410926365,0.1472684085510688,0.0690023752969121,0.1010688836104513,0.0742280285035629,0.1389548693586698,0.1109263657957244,0.0340855106888361,0.1947743467933491,0.0358669833729216,0.0075771971496437,0.0061282660332541,70.15333333333334,1.000190059868859
E22A066,2017,941,22. Dogu Karadeniz Havzasi,CEVİZDERE DÜZKÖY,"37°18'18"" Doğu - 41°3'37"" Kuzey",41.06,37.305,36.703,373.5,579.0,18.4,216270000.0,6.708,6.914,34.145,2.931,18.502,48.264,18.022,8.78,52.3,65.3,33.5,41.2,34.2,37.1,37.8,85.1,2.9,3.49,8.07,0.869,1.28,4.58,4.12,5.05,8.07,4.58,2.9,2.11,0.727,0.566,0.325,2.01,4.03,10.3,11.3,15.4,16.2,9.7,5.85,5.43,1.35,0.796,0.606,5.37,10.8,27.6,30.2,41.2,43.3,26.0,15.7,14.5,3.6,2.13,1.62,14.4,27.9,73.8,80.9,99.6,116.0,67.3,42.0,37.7,9.65,5.71,4.21,5.37,10.4,27.6,30.2,37.2,43.3,25.1,15.7,14.1,3.6,2.13,1.57,85.1,0.325,6.9143333333333326,12.307766475437498,0.0470038085137154,0.0248704663212435,0.0481865284974093,0.127461139896373,0.1397236614853195,0.172020725388601,0.2003454231433506,0.1162348877374784,0.0725388601036269,0.0651122625215889,0.0166666666666666,0.0098618307426597,0.0072711571675302,48.26416666666668,0.9997064765094874
E22A066,2013,897,22. Dogu Karadeniz Havzasi,CEVİZDERE DÜZKÖY,"37°18'18"" Doğu - 41°3'37"" Kuzey",41.06,37.305,36.703,373.5,586.0,18.6,219040000.0,7.082,6.972,57.05,1.674,18.694,48.872,18.253,18.2,171.0,46.2,57.1,33.0,25.9,84.6,60.4,169.0,11.3,3.15,4.75,0.653,0.816,0.87,4.32,5.17,4.11,2.14,0.56,0.348,0.266,0.32,0.52,2.19,20.7,8.36,17.4,9.74,9.1,7.19,2.33,3.71,1.14,0.799,1.01,5.85,55.5,22.4,46.7,26.1,24.4,19.3,6.23,9.94,3.06,2.14,2.71,15.7,144.0,60.0,125.0,63.1,65.3,49.9,16.7,25.8,8.2,5.73,7.03,5.86,53.8,22.4,46.7,23.6,24.4,18.6,6.24,9.62,3.06,2.14,2.62,171.0,0.266,6.972416666666667,24.525212444274462,0.0381503304688713,0.0267918088737201,0.2457337883959044,0.1023890784982935,0.2133105802047781,0.107679180887372,0.1114334470989761,0.0851535836177474,0.0284982935153583,0.0440273037542662,0.0139931740614334,0.009778156996587,0.0119965870307167,48.87166666666667,0.9992156327797292
E22A066,2016,935,22. Dogu Karadeniz Havzasi,CEVİZDERE DÜZKÖY,"37°18'18"" Doğu - 41°3'37"" Kuzey",41.06,37.305,36.703,373.5,565.0,17.9,211180000.0,6.689,6.706,51.856,2.173,17.958,47.139,17.598,24.6,16.6,10.3,60.2,57.2,78.1,11.6,102.0,55.2,75.9,2.57,128.0,0.869,1.28,1.28,2.9,7.42,3.91,2.23,1.96,1.48,0.727,1.01,1.01,3.64,2.87,4.86,12.8,15.5,11.8,4.29,8.45,7.54,4.04,1.36,3.32,9.76,7.69,13.0,34.2,41.5,31.7,11.5,22.6,20.2,10.8,3.65,8.9,26.1,19.9,34.8,91.5,104.0,84.9,29.7,60.6,52.3,29.0,9.77,23.1,9.76,7.45,13.0,34.2,38.8,31.7,11.1,22.6,19.5,10.8,3.65,8.62,128.0,0.727,6.7058333333333335,19.087858829377407,0.1084130731949794,0.0461946902654867,0.035221238938053,0.0615929203539823,0.1619469026548672,0.184070796460177,0.1502654867256637,0.0525663716814159,0.1072566371681416,0.0925663716814159,0.0513274336283185,0.01729203539823,0.0408849557522123,47.13916666666668,0.9988155638446444
E22A066,2014,967,22. Dogu Karadeniz Havzasi,CEVİZDERE DÜZKÖY,"37°18'18"" Doğu - 41°3'37"" Kuzey",41.06,37.305,36.703,373.5,248.0,7.9,92570000.0,6.39,2.916,20.298,0.835,7.803,20.639,7.714,78.2,5.66,24.5,14.2,5.41,29.3,14.2,27.2,25.2,8.37,7.14,4.19,0.508,0.561,1.35,2.47,0.668,1.7,0.827,0.774,0.615,0.248,0.114,0.18,4.57,1.14,6.74,5.04,2.32,5.03,2.62,3.15,2.6,0.684,0.52,0.58,12.2,3.05,18.0,13.5,6.21,13.5,7.02,8.42,6.97,1.83,1.39,1.55,32.7,7.92,48.3,36.1,15.0,36.1,18.2,22.6,18.1,4.9,3.73,4.02,12.2,2.96,18.1,13.5,5.62,13.5,6.79,8.43,6.75,1.83,1.39,1.5,78.2,0.114,2.916166666666667,26.816025604389324,0.0390924158427158,0.1318548387096774,0.0319354838709677,0.194758064516129,0.1455645161290322,0.0604838709677419,0.1455645161290322,0.0733870967741935,0.0911290322580645,0.0729838709677419,0.019758064516129,0.0150403225806451,0.0162096774193548,20.639166666666664,1.001332418137037
E22A066,2020,914,22. Dogu Karadeniz Havzasi,CEVİZDERE DÜZKÖY,"37°18'18"" Doğu - 41°3'37"" Kuzey",41.06,37.305,36.703,373.5,449.0,14.2,167730000.0,6.674,5.352,30.632,2.741,14.342,37.428,13.978,3.91,24.6,21.3,43.8,82.8,27.7,11.1,11.6,43.8,2.9,91.0,3.07,1.28,1.19,1.38,3.7,10.7,5.58,3.28,1.72,1.72,0.869,0.795,0.676,1.62,2.3,4.18,7.2,18.6,11.9,5.21,4.06,4.86,1.33,1.97,0.996,4.34,6.16,11.2,19.3,49.8,31.9,14.0,10.9,13.0,3.55,5.28,2.67,11.6,16.0,29.9,51.6,125.0,85.4,36.2,29.1,33.8,9.52,14.1,6.91,4.34,5.97,11.2,19.3,46.6,31.9,13.5,10.9,12.6,3.56,5.28,2.58,91.0,0.676,5.352166666666666,17.002460062902877,0.126303989038707,0.0258351893095768,0.0356347438752783,0.0665924276169265,0.1149220489977728,0.2783964365256124,0.1902004454342984,0.0806236080178173,0.0648106904231625,0.0752783964365256,0.0212026726057906,0.031403118040089,0.0153897550111358,37.4275,0.9997105515106984
E22A066,2018,943,22. Dogu Karadeniz Havzasi,CEVİZDERE DÜZKÖY,"37°18'18"" Doğu - 41°3'37"" Kuzey",41.06,37.305,36.703,373.5,587.0,18.6,219300000.0,6.733,6.98,74.179,2.14,18.66,48.939,18.275,8.07,3.91,98.3,51.3,39.4,70.5,24.1,229.0,8.07,123.0,210.0,24.5,0.216,0.566,1.01,3.07,6.46,5.28,2.23,1.72,1.59,1.59,1.23,0.721,1.03,0.904,10.8,12.9,14.4,14.7,5.06,6.02,2.79,4.08,8.74,2.34,2.76,2.42,28.8,34.4,38.6,39.3,13.5,16.1,7.47,10.9,23.4,6.27,7.39,6.28,77.2,92.2,93.4,105.0,35.1,43.2,19.4,29.3,62.6,16.2,2.76,2.34,28.8,34.4,34.9,39.3,13.1,16.1,7.23,10.9,23.4,6.07,229.0,0.216,6.980333333333333,32.80645623418175,0.0309440809894465,0.0125894378194207,0.0106984667802385,0.1315161839863713,0.1570698466780238,0.159114139693356,0.1788756388415673,0.0597955706984667,0.0735945485519591,0.0330494037478705,0.0499148211243611,0.1066439522998296,0.0275979557069846,48.93916666666667,0.9995402455429356
E22A066,2015,932,22. Dogu Karadeniz Havzasi,CEVİZDERE DÜZKÖY,"37°18'18"" Doğu - 41°3'37"" Kuzey",41.06,37.305,36.703,373.5,717.0,22.7,267660000.0,6.691,8.528,75.658,2.554,22.846,59.783,22.305,119.0,353.0,34.2,52.3,43.0,73.8,97.1,9.16,98.3,23.5,2.57,1.96,0.315,0.774,2.4,6.17,4.35,6.17,4.35,1.38,1.72,1.28,0.869,0.869,4.12,18.0,8.38,12.9,11.9,17.5,15.1,3.12,5.75,3.29,1.24,1.04,11.0,48.3,22.4,34.6,31.8,47.0,40.4,8.35,15.4,8.8,3.31,2.79,29.6,125.0,60.1,92.8,76.9,126.0,105.0,22.4,39.9,23.6,8.87,7.23,11.0,46.7,22.4,34.7,28.7,47.0,39.1,8.35,14.9,8.8,3.31,2.7,353.0,0.315,8.528333333333334,41.39144029704905,0.0369357045143638,0.0412831241283124,0.1743375174337517,0.0838214783821478,0.1294281729428172,0.107252440725244,0.1757322175732217,0.1464435146443514,0.0312412831241283,0.0556485355648535,0.0329149232914923,0.012370990237099,0.0100836820083682,59.78333333333333,0.9994424310008364
E22A066,2019,914,22. Dogu Karadeniz Havzasi,CEVİZDERE DÜZKÖY,"37°18'18"" Doğu - 41°3'37"" Kuzey",41.06,37.305,36.703,373.5,630.0,20.0,235140000.0,6.798,7.428,42.347,3.191,19.883,52.442,19.595,77.1,15.7,41.0,72.6,12.8,33.0,43.6,30.0,10.1,43.8,122.0,6.46,1.35,1.47,3.7,7.75,5.41,4.92,4.43,2.05,1.58,1.47,2.57,1.59,4.19,3.24,13.8,17.6,7.44,8.1,12.4,4.7,2.38,5.51,7.66,2.12,11.2,8.68,37.0,47.1,19.9,21.7,33.1,12.6,6.36,14.8,20.5,5.66,30.1,22.5,99.2,126.0,48.2,58.1,85.9,33.7,16.5,39.5,54.9,14.7,11.2,8.4,37.1,47.1,18.0,21.7,32.1,12.6,6.16,14.8,20.5,5.48,122.0,1.35,7.428333333333334,16.42360332061925,0.1817365941216064,0.0477777777777777,0.0357142857142857,0.1574603174603174,0.2,0.0765079365079365,0.0922222222222222,0.1363492063492063,0.0534920634920634,0.0261904761904761,0.0626984126984127,0.0871428571428571,0.0233333333333333,52.44166666666667,1.0011123470522802
E22A066,2012,889,22. Dogu Karadeniz Havzasi,CEVİZDERE DÜZKÖY,"37°18'18"" Doğu - 41°3'37"" Kuzey",41.06,37.305,36.703,373.5,581.0,18.4,217060000.0,6.865,6.889,39.784,2.341,18.447,48.415,18.088,44.5,128.0,48.2,13.6,28.6,51.1,54.0,10.5,14.5,42.7,39.2,2.51,0.87,3.47,2.51,3.47,3.79,7.33,2.51,1.28,0.952,0.653,0.599,0.653,5.49,12.2,6.05,6.1,9.89,18.0,14.2,2.58,2.57,2.67,1.99,0.933,14.7,32.7,16.2,16.3,26.5,48.3,37.9,6.91,6.87,7.16,5.32,2.5,39.3,84.6,43.4,43.8,66.4,129.0,98.2,18.5,17.8,19.2,14.3,6.48,14.7,31.6,16.2,16.3,24.8,48.3,36.7,6.91,6.65,7.16,5.32,2.42,128.0,0.599,6.889416666666666,18.57922175317214,0.0869449517980477,0.0676419965576592,0.1456110154905335,0.0746987951807229,0.0753872633390705,0.1142857142857143,0.2220309810671256,0.1690189328743545,0.03184165232358,0.0306368330464716,0.0330464716006884,0.0246127366609294,0.0111531841652323,48.415,1.0000344245929291
D22A093,2009,749,22. Dogu Karadeniz Havzasi,TURNASUYU CUMHURİYET KÖYÜ,"37°57'40"" Doğu - 40°49'50"" Kuzey",40.831,37.961,44.024,210.0,953.0,30.2,200040000.0,5.106,6.35,43.3,1.935,30.23,79.4,16.67,55.7,22.5,16.8,27.2,23.0,37.0,19.0,29.8,5.8,103.0,5.8,174.0,1.2,1.03,2.55,2.77,4.32,4.04,2.98,1.12,0.948,0.7,0.78,0.78,5.06,3.08,5.37,7.92,8.33,10.0,5.78,6.35,1.63,9.64,2.14,10.9,24.1,14.7,25.6,37.7,39.6,47.6,27.5,30.2,7.76,45.9,10.2,51.9,64.6,38.0,68.5,101.0,95.9,128.0,71.4,81.0,20.1,123.0,27.3,134.0,13.6,7.99,14.4,21.2,20.1,26.8,15.0,17.0,4.23,25.8,5.72,28.2,174.0,0.7,6.3500000000000005,27.401574803149604,0.1102362204724409,0.0677859391395592,0.0398740818467995,0.0718782791185729,0.1059811122770199,0.1006295907660021,0.1343126967471143,0.0749213011542497,0.0849947534102833,0.0210912906610703,0.1290661070304302,0.0286463798530954,0.1406086044071353,79.39999999999999,1.000209907640638
D22A093,2013,862,22. Dogu Karadeniz Havzasi,TURNASUYU CUMHURİYET KÖYÜ,"37°57'40"" Doğu - 40°49'50"" Kuzey",40.831,37.961,44.024,210.0,540.0,17.1,113350000.0,5.057,3.606,18.925,1.078,17.175,44.915,9.446,11.7,59.4,9.56,20.5,10.8,27.3,7.17,17.8,45.8,5.08,4.82,7.17,0.08,0.12,1.51,2.02,2.76,3.5,1.51,0.479,0.294,0.294,0.187,0.187,1.01,8.16,3.29,6.05,5.37,9.92,3.22,1.89,1.95,0.813,0.398,1.2,4.8,38.9,15.7,28.8,25.6,47.2,15.3,9.02,9.3,3.87,1.9,5.71,12.8,101.0,42.0,77.1,61.8,126.0,39.7,24.2,24.1,10.4,5.08,14.8,2.7,21.2,8.81,16.2,13.0,26.6,8.34,5.08,5.06,2.18,1.07,3.11,59.4,0.08,3.605916666666668,16.4729264403411,0.0221857595156109,0.0237037037037037,0.187037037037037,0.0777777777777777,0.1427777777777777,0.1144444444444444,0.2333333333333333,0.0735185185185185,0.0448148148148148,0.0446296296296296,0.0192592592592592,0.0094074074074074,0.0274074074074074,44.915,1.0018924635422464
D22A093,2006,808,22. Dogu Karadeniz Havzasi,TURNASUYU CUMHURİYET KÖYÜ,"37°57'40"" Doğu - 40°49'50"" Kuzey",40.831,37.961,44.024,210.0,844.0,26.8,177290000.0,4.877,5.621,28.972,1.706,26.766,70.338,14.774,45.0,37.0,5.54,11.8,19.0,55.7,34.6,40.2,5.26,84.0,1.46,8.1,1.0,2.22,1.25,1.46,1.68,6.1,2.88,1.25,0.72,0.93,0.49,0.49,10.5,7.87,2.2,3.47,6.25,11.7,9.11,8.22,1.07,4.98,0.687,1.39,50.1,37.5,10.5,16.5,29.7,55.6,43.4,39.2,5.09,23.7,3.27,6.63,134.0,97.2,28.0,44.2,72.0,149.0,112.0,105.0,13.2,63.5,8.76,17.2,28.2,20.4,5.88,9.29,15.1,31.3,23.6,22.0,2.77,13.3,1.84,3.61,84.0,0.49,5.620583333333332,14.94506797930227,0.0871795632125965,0.1587677725118483,0.1151658767772512,0.0331753554502369,0.0523696682464455,0.0853080568720379,0.1765402843601895,0.1327014218009478,0.1244075829383886,0.0156398104265402,0.0752369668246445,0.0103791469194312,0.0203791469194312,70.33833333333334,0.9999289150060422
D22A093,2011,785,22. Dogu Karadeniz Havzasi,TURNASUYU CUMHURİYET KÖYÜ,"37°57'40"" Doğu - 40°49'50"" Kuzey",40.831,37.961,44.024,210.0,663.0,21.0,139270000.0,5.097,4.415,20.54,1.185,21.007,55.264,11.606,37.6,15.1,2.95,4.03,13.0,33.1,22.7,28.3,16.4,12.5,31.6,29.2,0.549,0.479,0.411,0.72,1.26,2.58,3.32,2.51,1.02,0.549,0.479,0.347,6.34,1.85,0.719,1.54,4.29,8.45,9.81,8.18,4.17,1.78,4.74,1.11,30.2,8.81,3.42,7.32,20.4,40.2,46.7,38.9,19.8,8.46,22.6,5.27,80.9,22.8,9.17,19.6,49.4,108.0,121.0,104.0,51.4,22.7,60.5,13.7,17.0,4.79,1.93,4.12,10.4,22.6,25.4,21.9,10.8,4.76,12.7,2.87,37.6,0.347,4.414916666666667,8.516582041941147,0.0785971800147228,0.1220211161387632,0.0343891402714932,0.0138310708898944,0.0295625942684766,0.0745098039215686,0.1628959276018099,0.1825037707390648,0.1568627450980392,0.077526395173454,0.0342383107088989,0.0912518853695324,0.0206636500754147,55.26416666666668,0.9997436554729556
D22A093,2018,903,22. Dogu Karadeniz Havzasi,TURNASUYU CUMHURİYET KÖYÜ,"37°57'40"" Doğu - 40°49'50"" Kuzey",40.831,37.961,44.024,210.0,537.0,17.0,112680000.0,5.02,3.576,23.731,0.878,17.046,44.7,9.39,42.0,9.22,42.0,16.4,22.3,50.8,7.17,31.1,34.1,5.88,11.3,12.5,0.479,0.347,1.26,2.58,2.21,1.65,0.294,0.187,0.628,0.411,0.244,0.244,3.35,0.965,7.53,5.48,6.1,6.17,1.69,3.57,4.3,1.31,0.93,1.52,16.0,4.59,35.9,26.1,29.1,29.4,8.05,17.0,20.5,6.23,4.43,7.25,42.7,11.9,96.0,69.9,70.3,78.7,20.9,45.6,53.0,16.7,11.9,18.8,8.98,2.5,20.2,14.7,14.8,16.5,4.38,9.57,11.1,3.51,2.49,3.95,50.8,0.187,3.5762500000000004,14.204823488290804,0.0522894092974484,0.0795158286778398,0.0221601489757914,0.1787709497206704,0.1301675977653631,0.1309124767225326,0.1465549348230912,0.0389199255121042,0.0849162011173184,0.0986964618249534,0.0310986964618249,0.0221601489757914,0.0350093109869646,44.7,1.0011185682326622
D22A093,2014,911,22. Dogu Karadeniz Havzasi,TURNASUYU CUMHURİYET KÖYÜ,"37°57'40"" Doğu - 40°49'50"" Kuzey",40.831,37.961,44.024,210.0,517.0,16.4,108670000.0,4.968,3.438,21.976,0.832,16.369,43.121,9.056,40.3,1.65,12.1,13.8,9.56,19.6,19.1,11.7,25.9,31.6,38.1,40.3,0.479,0.411,0.479,1.84,1.51,2.21,0.917,0.628,0.411,0.411,0.347,0.347,6.4,0.612,3.12,4.74,3.54,6.58,3.97,3.11,3.57,1.52,1.54,2.55,30.5,2.91,14.9,22.6,16.9,31.3,18.9,14.8,17.0,7.21,7.31,12.1,81.7,7.55,39.8,60.5,40.8,83.9,49.1,39.6,44.1,19.3,19.6,31.5,17.2,1.59,8.35,12.7,8.56,17.6,10.3,8.32,9.27,4.06,4.11,6.61,40.3,0.347,3.437666666666667,11.72306797246194,0.1009405604576747,0.158027079303675,0.0146034816247582,0.0769825918762088,0.1170212765957446,0.078916827852998,0.1622823984526112,0.0949709864603481,0.076595744680851,0.0852998065764023,0.0373307543520309,0.0379110251450677,0.0609284332688588,43.12083333333334,0.9991303507585272
D22A093,2010,752,22. Dogu Karadeniz Havzasi,TURNASUYU CUMHURİYET KÖYÜ,"37°57'40"" Doğu - 40°49'50"" Kuzey",40.831,37.961,44.024,210.0,851.0,27.0,178800000.0,5.146,5.743,33.628,1.858,27.365,70.992,14.9,18.8,152.0,16.2,26.6,40.2,54.0,19.0,34.6,28.4,9.06,2.77,1.9,0.41,2.28,2.72,2.72,4.26,3.76,2.55,1.2,0.62,0.78,0.46,0.54,2.28,16.8,5.21,6.0,13.5,9.21,6.5,3.23,3.06,1.8,0.584,0.742,10.8,80.0,24.8,28.6,64.4,43.9,31.0,15.4,14.6,8.57,2.78,3.53,29.1,207.0,66.4,76.5,156.0,118.0,80.2,41.3,37.8,23.0,7.45,9.15,6.1,43.5,14.0,16.1,32.7,24.7,16.8,8.66,7.94,4.82,1.56,1.92,152.0,0.41,5.743000000000001,26.467003308375407,0.0713912589239073,0.0341950646298472,0.2432432432432432,0.0780258519388954,0.0898942420681551,0.1833137485311398,0.1386603995299647,0.0942420681551116,0.0485311398354876,0.0444183313748531,0.027027027027027,0.0087544065804935,0.0107520564042303,70.99166666666666,0.9989435379739408
D22A093,2017,901,22. Dogu Karadeniz Havzasi,TURNASUYU CUMHURİYET KÖYÜ,"37°57'40"" Doğu - 40°49'50"" Kuzey",40.831,37.961,44.024,210.0,732.0,23.2,153710000.0,5.107,4.886,13.406,1.346,23.258,60.923,12.809,18.2,9.56,16.9,8.19,16.4,30.7,23.2,12.1,13.8,3.76,4.03,4.03,0.72,0.917,2.21,1.51,1.84,4.29,2.21,0.813,1.02,0.294,0.244,0.08,4.12,3.02,4.91,3.47,6.46,13.8,10.2,5.93,4.49,0.888,0.613,0.725,19.6,14.4,23.4,16.5,30.7,65.5,48.8,28.2,21.4,4.23,2.92,3.45,52.5,37.3,62.6,44.2,74.4,175.0,126.0,75.6,55.4,11.3,7.82,8.95,11.0,7.83,13.2,9.28,15.6,36.8,26.6,15.9,11.6,2.38,1.64,1.88,30.7,0.08,4.8855,6.2839013407020765,0.0163749872070412,0.0717213114754098,0.0509562841530054,0.0855191256830601,0.0603825136612021,0.1016393442622951,0.2390710382513661,0.1721311475409836,0.1032786885245901,0.0756830601092896,0.0154371584699453,0.0106830601092896,0.0122267759562841,60.92250000000001,1.0012721080060731
D22A093,2019,871,22. Dogu Karadeniz Havzasi,TURNASUYU CUMHURİYET KÖYÜ,"37°57'40"" Doğu - 40°49'50"" Kuzey",40.831,37.961,44.024,210.0,780.0,24.7,163720000.0,5.027,5.179,23.933,1.573,24.667,64.933,13.643,42.5,26.8,31.1,21.4,13.8,18.2,25.5,38.1,10.8,24.1,23.6,11.3,0.628,0.628,3.13,3.5,3.13,2.21,2.21,0.813,0.72,0.549,0.813,0.549,4.53,4.77,7.29,7.5,4.74,7.36,9.75,6.31,1.86,3.2,3.22,1.62,21.6,22.7,34.7,35.7,22.6,35.1,46.4,30.0,8.88,15.2,15.4,7.72,57.8,58.9,93.0,95.7,54.6,93.9,120.0,80.4,23.0,40.8,41.1,20.0,12.1,12.4,19.5,20.1,11.5,19.7,25.3,16.9,4.83,8.56,8.63,4.2,42.5,0.549,5.179166666666666,8.205953338696702,0.1060016090104585,0.0741025641025641,0.0755128205128205,0.1192307692307692,0.1226923076923077,0.07,0.1203846153846154,0.1538461538461538,0.103076923076923,0.0294871794871794,0.0523076923076923,0.0526923076923076,0.0256410256410256,64.93333333333332,1.0010266940451749
D22A093,2008,750,22. Dogu Karadeniz Havzasi,TURNASUYU CUMHURİYET KÖYÜ,"37°57'40"" Doğu - 40°49'50"" Kuzey",40.831,37.961,44.024,210.0,817.0,25.8,171620000.0,5.002,5.422,34.275,0.904,25.839,68.067,14.302,52.2,47.7,18.5,1.6,9.9,90.0,13.2,16.8,94.0,4.6,6.2,56.6,0.63,1.03,0.948,0.5,0.335,2.55,0.948,0.78,0.54,0.948,0.78,0.864,3.62,7.62,2.64,1.18,2.28,22.2,4.26,3.56,7.73,1.72,1.55,6.7,17.2,36.3,12.6,5.6,10.9,106.0,20.3,16.9,36.8,8.21,7.36,31.9,46.2,94.1,33.6,15.0,27.2,283.0,52.5,45.4,95.4,22.0,19.7,82.7,9.7,19.8,7.06,3.15,5.72,59.5,11.0,9.53,20.0,4.62,4.14,17.4,94.0,0.335,5.421666666666667,17.337841992007377,0.0617891177374731,0.0565483476132191,0.1151774785801713,0.041126070991432,0.018359853121175,0.0332925336597307,0.3463892288861689,0.0642594859241126,0.0555691554467564,0.1167686658506732,0.0269277845777233,0.0241126070991432,0.1012239902080783,68.06666666666668,1.00024485798237
D22A093,2007,766,22. Dogu Karadeniz Havzasi,TURNASUYU CUMHURİYET KÖYÜ,"37°57'40"" Doğu - 40°49'50"" Kuzey",40.831,37.961,44.024,210.0,876.0,27.8,183900000.0,4.964,5.849,26.638,1.869,27.856,72.982,15.325,26.6,33.8,6.66,12.6,18.0,45.0,29.0,42.6,4.7,68.7,13.0,19.0,0.72,2.1,1.46,2.22,4.04,4.7,3.6,1.25,0.54,0.54,0.63,0.63,3.93,7.27,2.93,4.69,9.01,17.0,10.2,8.42,1.16,2.56,0.784,2.23,18.7,34.6,14.0,22.4,42.9,81.1,48.4,40.1,5.54,12.2,3.73,10.6,50.2,89.7,37.4,59.9,104.0,217.0,126.0,107.0,14.4,32.6,9.99,27.6,10.5,18.8,7.85,12.6,21.8,45.6,26.4,22.6,3.01,6.85,2.1,5.79,68.7,0.54,5.848666666666667,11.746266955431436,0.0923287358942209,0.0573059360730593,0.1023972602739726,0.0426940639269406,0.0683789954337899,0.1187214611872146,0.2477168949771689,0.1438356164383561,0.1221461187214611,0.0164383561643835,0.0372146118721461,0.011404109589041,0.0315068493150684,72.9825,1.0002397835097456
D22A093,2015,892,22. Dogu Karadeniz Havzasi,TURNASUYU CUMHURİYET KÖYÜ,"37°57'40"" Doğu - 40°49'50"" Kuzey",40.831,37.961,44.024,210.0,900.0,28.5,189040000.0,5.022,5.998,29.474,1.019,28.578,75.031,15.753,83.6,68.4,36.0,9.98,20.0,29.7,36.0,13.4,29.7,17.8,5.35,3.76,0.549,1.13,0.917,2.58,0.0,3.32,2.39,0.244,0.72,0.294,0.011,0.069,6.87,11.0,8.02,5.61,5.98,11.7,10.2,2.98,5.28,3.34,0.566,0.425,32.7,52.6,38.2,26.7,28.5,55.9,48.4,14.2,25.1,15.9,2.7,2.03,87.7,136.0,102.0,71.6,68.9,150.0,126.0,38.0,65.2,42.5,7.22,5.25,18.4,28.6,21.5,15.0,14.5,31.4,26.4,7.98,13.7,8.94,1.52,1.1,83.6,0.0,5.997583333333334,13.938947631684982,0.0,0.0974444444444444,0.1511111111111111,0.1133333333333333,0.0795555555555555,0.0765555555555555,0.1666666666666666,0.14,0.0422222222222222,0.0724444444444444,0.0472222222222222,0.0080222222222222,0.0058333333333333,75.03083333333333,0.9995890578317804
D22A093,2020,863,22. Dogu Karadeniz Havzasi,TURNASUYU CUMHURİYET KÖYÜ,"37°57'40"" Doğu - 40°49'50"" Kuzey",40.831,37.961,44.024,210.0,710.0,22.4,149050000.0,5.014,4.725,27.618,1.382,22.476,59.101,12.421,5.08,27.8,16.9,12.5,44.7,26.8,13.0,40.3,14.7,8.53,119.0,2.1,0.628,0.479,0.917,2.21,3.76,4.29,2.21,0.72,0.72,0.347,0.078,0.221,1.71,2.43,3.4,4.37,10.6,13.6,4.78,7.34,2.62,1.78,3.62,0.454,8.16,11.6,16.2,20.8,50.3,64.6,22.7,35.0,12.5,8.49,17.2,2.16,21.9,30.0,43.3,55.7,126.0,173.0,58.9,93.6,32.3,22.7,46.2,5.61,4.59,6.31,9.1,11.7,26.5,36.3,12.4,19.7,6.79,4.78,9.7,1.18,119.0,0.078,4.725333333333333,25.183408577878104,0.0165067720090293,0.0308450704225352,0.0422535211267605,0.0609859154929577,0.0784507042253521,0.1774647887323943,0.2436619718309859,0.0829577464788732,0.1318309859154929,0.0454929577464788,0.0319718309859154,0.0650704225352112,0.0079014084507042,59.10083333333333,1.0011139154834252
D22A093,2012,858,22. Dogu Karadeniz Havzasi,TURNASUYU CUMHURİYET KÖYÜ,"37°57'40"" Doğu - 40°49'50"" Kuzey",40.831,37.961,44.024,210.0,707.0,22.3,148430000.0,5.072,4.704,20.996,1.377,22.418,58.92,12.369,28.3,51.3,13.0,6.48,6.14,17.8,45.8,24.5,20.9,30.2,3.5,4.03,0.549,1.65,1.26,1.99,1.82,1.84,4.03,2.17,0.479,0.244,0.244,0.244,4.09,6.89,3.85,2.86,2.78,6.66,16.8,5.62,3.37,2.14,0.691,0.698,19.5,32.8,18.4,13.6,13.2,31.7,80.2,26.8,16.0,10.2,3.29,3.33,52.2,85.1,49.2,36.5,33.1,84.9,208.0,71.7,41.6,27.3,8.82,8.62,11.0,17.9,10.3,7.66,6.96,17.8,43.6,15.1,8.73,5.72,1.85,1.81,51.3,0.244,4.704083333333334,10.905419050824635,0.0518698294035323,0.0738330975954738,0.1203677510608203,0.0695898161244696,0.0516265912305516,0.0468175388967468,0.1200848656294201,0.2942008486562942,0.1014144271570014,0.0588401697312588,0.0386138613861386,0.0124752475247524,0.0121923620933521,58.92000000000001,0.9999434261145056
D22A093,2005,687,22. Dogu Karadeniz Havzasi,TURNASUYU CUMHURİYET KÖYÜ,"37°57'40"" Doğu - 40°49'50"" Kuzey",40.831,37.961,44.024,210.0,906.0,28.7,190240000.0,4.8,6.046,25.242,1.912,28.788,75.467,15.853,23.0,19.5,25.4,22.0,17.5,55.7,53.1,29.0,19.0,6.1,3.6,29.0,0.44,0.63,3.06,2.34,2.58,3.82,4.26,2.58,1.46,0.54,0.44,0.79,2.44,4.1,7.14,4.87,7.26,14.4,13.0,8.08,5.51,1.27,0.862,3.62,11.6,19.5,34.0,23.2,34.6,68.5,62.0,38.5,26.2,6.05,4.1,17.2,31.2,50.6,91.1,62.2,83.6,183.0,161.0,103.0,68.0,16.2,11.0,44.7,6.55,10.6,19.1,13.1,17.6,38.5,33.8,21.6,14.3,3.4,2.31,9.38,55.7,0.44,6.045999999999999,9.212702613298047,0.072775388686735,0.0344370860927152,0.055849889624724,0.1005518763796909,0.068653421633554,0.0922737306843267,0.2019867549668874,0.1777041942604856,0.1136865342163355,0.075055187637969,0.0178807947019867,0.0121412803532008,0.0493377483443708,75.46666666666667,1.0004416961130742
D22A093,2016,898,22. Dogu Karadeniz Havzasi,TURNASUYU CUMHURİYET KÖYÜ,"37°57'40"" Doğu - 40°49'50"" Kuzey",40.831,37.961,44.024,210.0,1047.0,33.1,219810000.0,5.118,6.99,33.394,1.613,33.276,87.308,18.318,25.5,36.0,7.85,35.0,35.0,26.8,19.1,84.3,17.3,64.1,5.08,44.7,0.294,0.549,1.13,2.39,5.35,2.95,2.58,1.38,0.72,0.813,0.479,0.72,3.47,6.9,2.89,9.46,15.1,9.01,6.47,11.6,4.6,7.34,1.12,5.92,16.5,32.9,13.7,45.0,72.0,42.9,30.8,55.2,21.9,34.9,5.31,28.2,44.2,85.2,36.8,121.0,180.0,115.0,79.9,148.0,56.8,93.6,14.2,73.0,9.29,17.9,7.73,25.3,37.9,24.1,16.8,31.0,11.9,19.6,2.99,15.3,84.3,0.294,6.989999999999999,12.060085836909872,0.0420600858369098,0.0422158548233046,0.0813753581661891,0.0351480420248328,0.1155682903533906,0.1719197707736389,0.1098376313276026,0.076313276026743,0.1413562559694365,0.0542502387774594,0.0893982808022922,0.0135625596943648,0.0697230181470869,87.30833333333334,0.99933186981006
E22A071,2020,918,22. Dogu Karadeniz Havzasi,CURA Ç. CURİ,"37°12'5"" Doğu - 41°6'57"" Kuzey",41.116,37.201,45.827,226.0,625.0,19.8,141280000.0,4.704,4.492,28.938,1.691,19.88,52.033,11.773,10.6,31.2,31.2,36.3,48.1,22.7,9.16,30.6,14.6,6.9,101.0,4.9,0.77,0.92,1.09,3.17,7.75,2.54,1.09,0.92,0.92,0.513,0.409,0.196,2.28,2.82,5.13,8.47,14.0,7.89,2.71,3.96,2.71,0.911,2.36,0.662,10.1,12.5,22.7,37.5,62.0,34.9,12.0,17.5,12.0,4.03,10.4,2.93,27.1,32.4,60.9,100.0,155.0,93.5,31.1,46.9,31.1,10.8,28.0,7.6,6.12,7.32,13.8,22.7,35.1,21.1,7.03,10.6,7.03,2.44,6.32,1.72,101.0,0.196,4.4919166666666674,22.48483386824481,0.0436339350314453,0.04336,0.05184,0.09744,0.16,0.248,0.1496,0.04976,0.07504,0.04976,0.01728,0.0448,0.0121599999999999,52.03333333333333,1.0009609224855862
E22A071,2019,918,22. Dogu Karadeniz Havzasi,CURA Ç. CURİ,"37°12'5"" Doğu - 41°6'57"" Kuzey",41.116,37.201,45.827,226.0,849.0,26.9,191810000.0,4.73,6.076,32.396,2.671,26.855,70.792,15.984,53.7,10.6,27.8,30.0,11.1,21.6,34.6,20.0,44.8,34.0,94.5,6.05,1.98,2.23,6.9,1.98,4.53,4.17,3.8,1.98,1.51,1.28,0.77,0.92,4.82,4.69,10.2,11.3,5.76,6.42,10.4,4.07,3.56,4.86,5.21,1.62,21.3,20.7,45.1,50.1,25.5,28.4,45.8,18.0,15.7,21.5,23.0,7.16,57.2,53.7,121.0,134.0,61.6,76.1,119.0,48.2,40.8,57.6,61.7,18.6,12.9,12.1,27.3,30.3,13.9,17.2,26.9,10.9,9.22,13.0,13.9,4.19,94.5,0.77,6.075833333333335,15.553422027156763,0.126731586887944,0.0673733804475854,0.0632508833922261,0.1425206124852768,0.1578327444051825,0.0725559481743227,0.0896348645465253,0.1401648998822143,0.0567726737338044,0.0480565371024735,0.0678445229681978,0.0726737338044758,0.0219081272084805,70.79166666666667,0.9994114184814596
E22A071,2014,972,22. Dogu Karadeniz Havzasi,CURA Ç. CURİ,"37°12'5"" Doğu - 41°6'57"" Kuzey",41.116,37.201,45.827,226.0,306.0,9.7,69090000.0,3.804,2.175,13.111,0.702,9.63,25.472,5.758,42.7,5.28,17.9,10.3,4.59,19.7,14.1,15.7,13.7,9.96,1.96,1.44,0.42,0.346,1.03,1.68,0.958,1.23,0.814,0.742,0.52,0.309,0.16,0.21,3.34,1.02,5.67,3.1,1.58,3.69,2.12,2.21,1.59,0.878,0.414,0.493,14.8,4.52,25.1,13.7,6.98,16.3,9.4,9.8,7.06,3.89,1.83,2.18,39.5,11.7,67.2,36.8,16.9,43.7,24.4,26.2,18.3,10.4,4.91,5.65,8.94,2.64,15.2,8.31,3.81,9.88,5.51,5.93,4.13,2.35,1.11,1.28,42.7,0.16,2.1754166666666666,19.628423673625743,0.0735491285194407,0.1290849673202614,0.038235294117647,0.2196078431372549,0.1202614379084967,0.0552287581699346,0.1428104575163399,0.0797385620915032,0.0856209150326797,0.0598039215686274,0.0339869281045751,0.0160457516339869,0.0184640522875817,25.471666666666668,1.0011123470522802
E22A071,2018,947,22. Dogu Karadeniz Havzasi,CURA Ç. CURİ,"37°12'5"" Doğu - 41°6'57"" Kuzey",41.116,37.201,45.827,226.0,778.0,24.7,175730000.0,4.56,5.573,41.708,1.321,24.657,64.825,14.644,13.7,12.8,35.8,29.8,17.4,26.6,16.3,55.4,14.6,55.0,146.0,77.1,0.469,0.352,0.933,2.56,4.8,2.56,1.14,0.846,0.76,0.76,0.409,0.26,1.5,1.22,7.84,9.12,9.04,7.85,2.79,3.78,2.22,3.15,13.0,5.37,6.63,5.42,34.7,40.3,40.0,34.7,12.3,16.7,9.83,14.0,57.5,23.8,17.8,14.0,92.9,108.0,96.8,93.1,32.0,44.8,25.5,37.4,154.0,61.6,4.02,3.18,21.0,24.4,21.9,21.0,7.22,10.1,5.76,8.45,34.8,13.9,146.0,0.26,5.573333333333333,26.19617224880383,0.0466507177033492,0.022879177377892,0.0179948586118251,0.1194087403598971,0.1388174807197943,0.1244215938303341,0.1196658097686375,0.0411311053984575,0.0575835475578406,0.0327763496143958,0.0480719794344473,0.1979434447300771,0.0791773778920308,64.825,1.000128551227664
E22A071,2017,945,22. Dogu Karadeniz Havzasi,CURA Ç. CURİ,"37°12'5"" Doğu - 41°6'57"" Kuzey",41.116,37.201,45.827,226.0,725.0,23.0,163870000.0,4.415,5.23,21.497,2.167,23.168,60.449,13.656,11.2,26.2,34.6,23.2,30.6,18.1,17.4,18.1,53.4,1.52,1.64,22.0,0.673,0.673,5.27,4.13,5.5,4.13,2.38,1.27,1.02,0.469,0.294,0.197,2.1,3.51,9.52,10.6,12.6,9.58,5.3,3.98,3.75,0.66,0.551,0.604,9.29,15.5,42.1,47.1,55.9,42.4,23.5,17.6,16.6,2.92,2.44,2.67,24.9,40.3,113.0,126.0,135.0,114.0,60.8,47.1,43.0,7.82,6.54,6.93,5.63,9.11,25.5,28.5,30.6,25.7,13.7,10.6,9.71,1.77,1.48,1.57,53.4,0.197,5.229583333333332,10.211138554696838,0.0376703051549677,0.0343448275862069,0.0555862068965517,0.1558620689655172,0.1737931034482758,0.1862068965517241,0.1572413793103448,0.0838620689655172,0.0649655172413793,0.0593103448275862,0.0107862068965517,0.0090206896551724,0.0095586206896551,60.44916666666666,0.9994623581797378
E22A071,2016,939,22. Dogu Karadeniz Havzasi,CURA Ç. CURİ,"37°12'5"" Doğu - 41°6'57"" Kuzey",41.116,37.201,45.827,226.0,701.0,22.2,158390000.0,4.285,5.024,25.652,1.602,22.238,58.375,13.199,16.3,7.66,10.3,23.2,49.8,27.0,7.66,66.2,29.8,29.0,17.7,23.2,0.586,1.44,1.64,2.23,3.5,1.94,2.08,2.08,2.23,1.02,0.469,0.003,2.67,3.1,3.91,7.44,10.6,6.28,2.96,10.7,5.71,3.61,0.872,2.44,11.8,13.7,17.3,32.9,46.9,27.8,13.1,47.4,25.3,16.0,3.86,10.8,31.6,35.5,46.3,88.1,117.0,74.4,34.0,127.0,65.5,42.8,10.3,28.0,7.14,8.03,10.5,19.9,26.5,16.8,7.68,28.7,14.8,9.67,2.34,6.33,66.2,0.003,5.024333333333333,13.175877396669543,0.000597094141843,0.0450784593437945,0.050641940085592,0.0660485021398002,0.1256776034236804,0.1669044222539229,0.1061340941512125,0.0485021398002853,0.181169757489301,0.0934379457917261,0.0610556348074179,0.0146932952924393,0.0399429386590584,58.37499999999999,1.0007137758743756
E22A071,2015,937,22. Dogu Karadeniz Havzasi,CURA Ç. CURİ,"37°12'5"" Doğu - 41°6'57"" Kuzey",41.116,37.201,45.827,226.0,766.0,24.3,173020000.0,4.141,5.509,29.294,1.462,24.386,63.809,14.418,33.4,88.9,19.2,30.5,24.4,33.3,39.7,6.38,44.5,12.5,11.9,6.85,0.42,0.62,2.97,2.61,1.95,3.35,3.15,0.842,0.515,0.462,0.303,0.356,2.63,10.4,4.49,8.71,7.1,11.1,11.1,1.96,4.97,2.35,0.621,0.676,11.6,46.1,19.9,38.5,31.4,49.2,49.1,8.69,22.0,10.4,2.75,2.99,31.2,120.0,53.2,103.0,76.0,132.0,127.0,23.3,57.0,27.9,7.35,7.76,7.05,27.0,12.0,23.3,17.2,29.8,28.8,5.26,12.9,6.3,1.66,1.75,88.9,0.303,5.508916666666667,16.13747409502776,0.0550017396039753,0.0407310704960835,0.1566579634464752,0.0694516971279373,0.1344647519582245,0.0992167101827676,0.1723237597911227,0.1657963446475195,0.0304177545691906,0.0744125326370757,0.0364229765013054,0.0095953002610966,0.010130548302872,63.80916666666666,1.0003787334630605
E22A071,2013,902,22. Dogu Karadeniz Havzasi,CURA Ç. CURİ,"37°12'5"" Doğu - 41°6'57"" Kuzey",41.116,37.201,45.827,226.0,596.0,18.9,134790000.0,4.342,4.289,29.818,1.049,18.99,49.666,11.233,25.6,74.1,33.4,39.6,20.4,16.2,46.7,5.56,81.2,9.6,2.66,2.8,0.309,0.47,1.68,2.24,3.15,2.66,0.52,0.383,0.383,0.21,0.272,0.309,1.77,11.7,6.12,10.7,5.97,6.12,4.12,0.934,1.96,0.873,0.485,0.711,7.84,51.7,27.1,47.6,26.4,27.1,18.2,4.13,8.66,3.86,2.14,3.15,21.0,134.0,72.5,127.0,63.9,72.5,47.3,11.1,22.4,10.4,5.74,8.15,4.74,30.3,16.4,28.8,14.4,16.4,10.7,2.5,5.07,2.34,1.3,1.84,81.2,0.21,4.2885833333333325,18.93399141130521,0.0489672191671686,0.035234899328859,0.2248322147651006,0.1216442953020134,0.2130872483221476,0.1072147651006711,0.1216442953020134,0.0793624161073825,0.0186241610738255,0.0375838926174496,0.0174496644295302,0.0096308724832214,0.0136744966442953,49.665833333333325,1.0000167788050136
E22A071,2012,894,22. Dogu Karadeniz Havzasi,CURA Ç. CURİ,"37°12'5"" Doğu - 41°6'57"" Kuzey",41.116,37.201,45.827,226.0,589.0,18.6,133120000.0,4.209,4.225,25.745,1.415,18.699,49.086,11.093,22.6,55.7,28.2,21.9,25.0,34.0,23.4,11.4,13.0,14.1,58.2,1.44,0.62,1.96,1.34,2.1,2.66,5.28,0.742,0.742,0.383,0.383,0.42,0.346,2.78,7.36,3.9,4.59,7.73,11.2,6.74,1.42,1.24,1.25,1.92,0.569,12.3,32.6,17.3,20.3,34.2,49.6,29.8,6.29,5.48,5.52,8.48,2.52,32.9,84.4,46.2,54.4,85.7,133.0,77.3,16.9,14.2,14.8,22.7,6.53,7.44,19.1,10.4,12.3,19.4,30.0,17.5,3.81,3.21,3.34,5.14,1.48,58.2,0.346,4.224916666666668,13.77541963352334,0.0818951064123552,0.0558573853989813,0.1432937181663837,0.0784380305602716,0.0923599320882852,0.1455008488964346,0.2258064516129032,0.131239388794567,0.0286926994906621,0.0241086587436332,0.0251273344651952,0.0385398981324278,0.0110865874363327,49.08583333333333,0.9999490688080404
D14A185,2018,525,14. Yesilirmak Havzasi,AKSU D. ARPAÖREN,"36°59'31"" Doğu - 40°30'29"" Kuzey",40.508,36.992,46.981,67.1,78.0,2.5,5260000.0,0.146,0.167,0.375,0.102,2.497,6.54,0.439,0.166,0.293,0.615,0.447,0.37,1.48,0.409,0.332,0.293,0.092,0.0,0.0,0.05,0.134,0.134,0.261,0.261,0.332,0.0,0.0,0.05,0.0,0.0,0.0,0.104,0.189,0.288,0.31,0.314,0.497,0.135,0.019,0.089,0.065,0.0,0.0,1.55,2.82,4.29,4.62,4.68,7.41,2.01,0.289,1.32,0.974,0.0,0.0,4.16,7.31,11.5,12.4,11.3,19.8,5.21,0.775,3.42,2.61,0.0,0.0,0.279,0.49,0.77,0.83,0.759,1.33,0.35,0.052,0.229,0.175,0.0,0.0,1.48,0.0,0.1674999999999999,8.835820895522389,0.0,0.0533333333333333,0.0937179487179487,0.1474358974358974,0.158974358974359,0.1448717948717948,0.2538461538461538,0.0667948717948718,0.0099358974358974,0.0438461538461538,0.0334615384615384,0.0,0.0,6.540416666666666,0.9938204752500478
D14A185,2020,497,14. Yesilirmak Havzasi,AKSU D. ARPAÖREN,"36°59'31"" Doğu - 40°30'29"" Kuzey",40.508,36.992,46.981,67.1,94.0,3.0,6290000.0,0.174,0.199,0.394,0.089,2.968,7.808,0.524,0.37,0.37,0.332,0.409,0.572,1.13,0.701,0.261,0.229,0.229,0.071,0.05,0.029,0.134,0.113,0.134,0.134,0.261,0.261,0.0,0.002,0.0,0.0,0.0,0.217,0.247,0.155,0.154,0.245,0.661,0.489,0.128,0.085,0.007,0.001,0.0,3.24,3.68,2.3,2.29,3.66,9.85,7.29,1.91,1.27,0.111,0.008,0.005,8.67,9.53,6.17,6.13,9.17,26.4,18.9,5.11,3.29,0.297,0.021,0.014,0.582,0.64,0.414,0.411,0.615,1.77,1.27,0.343,0.221,0.02,0.001,0.001,1.13,0.0,0.1990833333333333,5.676015069066554,0.0,0.0922340425531915,0.1013829787234042,0.0656382978723404,0.0652127659574468,0.0975531914893617,0.2808510638297872,0.201063829787234,0.0543617021276595,0.035,0.0031595744680851,0.0002234042553191,0.0001489361702127,7.808499999999999,1.0031802949776951
D14A185,2014,529,14. Yesilirmak Havzasi,AKSU D. ARPAÖREN,"36°59'31"" Doğu - 40°30'29"" Kuzey",40.508,36.992,46.981,67.1,58.0,1.8,3900000.0,0.124,0.124,0.441,0.046,1.842,4.839,0.325,0.31,0.351,0.31,0.186,0.268,0.495,0.161,1.42,0.495,0.001,0.946,0.351,0.049,0.136,0.161,0.136,0.028,0.039,0.001,0.001,0.001,0.001,0.001,0.001,0.194,0.212,0.202,0.147,0.18,0.208,0.018,0.151,0.075,0.001,0.07,0.024,2.89,3.16,3.02,2.2,2.69,3.1,0.266,2.24,1.11,0.015,1.05,0.363,7.73,8.19,8.08,5.88,6.5,8.31,0.689,6.01,2.89,0.04,2.81,0.941,0.519,0.55,0.542,0.395,0.436,0.558,0.046,0.403,0.194,0.003,0.189,0.063,1.42,0.001,0.1235,11.497975708502024,0.0080971659919028,0.1332758620689655,0.1412068965517241,0.1393103448275862,0.1013793103448275,0.1120689655172413,0.1432758620689655,0.0118793103448275,0.1036206896551724,0.0498275862068965,0.0006896551724137,0.0484482758620689,0.0162241379310344,4.839166666666666,0.998794558291717
D14A185,2019,489,14. Yesilirmak Havzasi,AKSU D. ARPAÖREN,"36°59'31"" Doğu - 40°30'29"" Kuzey",40.508,36.992,46.981,67.1,96.0,3.0,6440000.0,0.165,0.205,0.469,0.088,3.044,7.991,0.536,0.293,0.293,0.293,0.293,0.261,0.701,1.43,0.892,0.134,0.615,0.261,0.166,0.0,0.113,0.113,0.092,0.134,0.134,0.332,0.113,0.0,0.0,0.0,0.029,0.05,0.21,0.128,0.15,0.195,0.277,0.687,0.527,0.023,0.059,0.075,0.075,0.749,3.13,1.9,2.23,2.9,4.13,10.2,7.85,0.335,0.874,1.11,1.12,2.01,8.12,5.09,5.97,7.01,11.1,26.5,21.0,0.869,2.34,2.98,2.9,0.135,0.545,0.342,0.401,0.471,0.742,1.78,1.41,0.058,0.157,0.2,0.195,1.43,0.0,0.2046666666666667,6.986970684039085,0.0,0.0209374999999999,0.0845833333333333,0.0530208333333333,0.0621875,0.0730208333333333,0.1156249999999999,0.2760416666666667,0.21875,0.0090520833333333,0.0243749999999999,0.0310416666666666,0.0302083333333333,7.990750000000001,1.0011575884616586
E22A054,2020,909,22. Dogu Karadeniz Havzasi,AKÇAY DURAKLI,"37°8'50"" Doğu - 41°6'38"" Kuzey",41.111,37.147,47.57,222.2,797.0,25.2,177030000.0,5.168,5.63,87.358,1.57,25.332,66.358,14.752,121.0,112.0,102.0,63.2,75.3,108.0,11.7,105.0,18.8,13.7,249.0,68.6,0.584,0.678,0.776,2.89,7.27,2.89,1.48,0.776,0.584,0.344,0.219,0.344,2.42,3.85,6.59,11.9,17.7,10.4,3.27,4.76,2.25,0.845,2.62,0.954,10.9,17.3,29.7,53.5,79.8,46.7,14.7,21.4,10.1,3.8,11.8,4.29,29.2,44.9,79.4,143.0,200.0,125.0,38.2,57.4,26.3,10.2,31.6,11.1,6.48,9.97,17.7,31.8,44.4,27.8,8.48,12.8,5.84,2.26,7.03,2.47,249.0,0.219,5.629916666666666,44.22800811142854,0.0388993324353528,0.0366373902132998,0.05633626097867,0.0996235884567126,0.1794228356336261,0.2509410288582183,0.1568381430363864,0.0479297365119197,0.0720200752823086,0.0329987452948557,0.0127979924717691,0.0396486825595985,0.0139272271016311,66.35833333333333,1.0008790656787645
E22A054,2019,909,22. Dogu Karadeniz Havzasi,AKÇAY DURAKLI,"37°8'50"" Doğu - 41°6'38"" Kuzey",41.111,37.147,47.57,222.2,1031.0,32.7,229080000.0,5.148,7.234,105.232,1.391,32.524,85.825,19.09,121.0,66.3,52.3,75.3,79.9,102.0,105.0,15.3,293.0,43.9,299.0,9.78,1.1,1.22,0.874,4.08,2.48,2.48,1.48,0.494,0.344,0.584,0.776,0.776,6.41,2.73,16.0,17.6,6.07,6.95,11.3,2.11,5.7,2.91,7.39,1.64,28.8,12.3,71.9,79.2,27.3,31.3,50.7,9.49,25.6,13.1,33.2,7.4,77.2,31.8,193.0,212.0,66.1,83.8,131.0,25.4,66.4,35.0,89.0,19.2,17.2,7.08,42.8,47.2,14.7,18.6,29.2,5.65,14.8,7.79,19.8,4.26,299.0,0.344,7.234166666666667,41.33164381983642,0.047552125331183,0.0748787584869059,0.0308438409311348,0.1871968962172648,0.2056256062075654,0.0641125121241513,0.0812803103782735,0.1270611057225994,0.0246362754607177,0.0644034917555771,0.0339476236663433,0.0863239573229874,0.0186226964112512,85.82499999999999,1.0010680648606662
E22A054,2014,961,22. Dogu Karadeniz Havzasi,AKÇAY DURAKLI,"37°8'50"" Doğu - 41°6'38"" Kuzey",41.111,37.147,47.57,222.2,327.0,10.4,72620000.0,4.804,2.286,26.72,0.613,10.285,27.258,6.052,76.5,4.49,21.8,12.0,5.85,16.9,15.1,12.6,11.5,67.5,60.1,16.3,0.595,0.5,0.595,1.31,0.785,0.88,0.785,0.69,0.595,0.107,0.107,0.405,5.17,0.92,5.68,2.65,1.36,3.4,1.8,1.71,1.13,1.43,1.13,1.05,23.3,4.14,25.6,11.9,6.1,15.3,8.1,7.69,5.07,6.42,5.07,4.73,62.3,10.7,68.5,32.0,14.8,41.0,21.0,20.6,13.1,17.2,13.6,12.3,13.8,2.39,15.2,7.1,3.28,9.12,4.66,4.58,2.92,3.82,3.02,2.73,76.5,0.107,2.285833333333333,33.46700692672257,0.0468100619759387,0.1905198776758409,0.0327217125382263,0.209480122324159,0.0978593272171253,0.0452599388379204,0.1253822629969418,0.0642201834862385,0.0629969418960244,0.0400611620795107,0.0525993883792048,0.0415902140672782,0.0376146788990825,27.25833333333334,0.9996942830938548
E22A054,2018,938,22. Dogu Karadeniz Havzasi,AKÇAY DURAKLI,"37°8'50"" Doğu - 41°6'38"" Kuzey",41.111,37.147,47.57,222.2,945.0,29.9,209890000.0,5.048,6.618,101.258,0.964,29.822,78.717,17.491,68.6,100.0,108.0,70.9,21.8,73.1,21.0,54.0,25.5,266.0,332.0,74.2,0.0,0.349,0.785,1.84,2.8,2.08,1.17,0.88,0.595,0.595,0.236,0.236,1.75,1.38,11.3,10.0,8.0,9.72,3.16,4.58,2.18,4.44,16.7,6.21,7.86,6.2,51.0,45.2,36.0,43.7,14.2,20.6,9.81,20.0,75.4,27.9,21.1,16.1,137.0,121.0,87.1,117.0,36.8,55.2,25.4,53.5,202.0,72.4,4.68,3.57,30.3,26.9,19.4,26.0,8.19,12.3,5.65,11.9,44.9,16.1,332.0,0.0,6.618333333333332,50.16368672878369,0.0,0.0223280423280423,0.017037037037037,0.1449735449735449,0.128042328042328,0.0921693121693121,0.1238095238095238,0.0389417989417989,0.0584126984126984,0.0268783068783068,0.0566137566137566,0.2137566137566137,0.0766137566137566,78.71666666666665,1.0004234596654669
E22A054,2013,891,22. Dogu Karadeniz Havzasi,AKÇAY DURAKLI,"37°8'50"" Doğu - 41°6'38"" Kuzey",41.111,37.147,47.57,222.2,794.0,25.2,176490000.0,4.96,5.628,24.912,1.594,25.345,66.255,14.708,16.1,71.2,29.0,40.8,17.2,15.6,46.2,2.42,35.0,15.1,2.32,8.0,0.58,0.732,2.77,2.95,5.5,3.55,1.39,0.472,0.418,0.123,0.349,0.292,2.66,16.0,7.58,13.4,8.66,7.57,5.29,1.06,2.73,0.981,0.594,1.01,12.0,72.1,34.1,60.3,39.0,34.1,23.8,4.78,12.3,4.42,2.67,4.57,32.1,187.0,91.4,162.0,94.3,91.2,61.7,12.8,31.8,11.8,7.16,11.8,7.13,41.5,20.3,35.9,20.9,20.3,13.7,2.84,7.07,2.63,1.59,2.63,71.2,0.123,5.627916666666667,12.651217887021543,0.0218553342711186,0.0404282115869017,0.2355163727959697,0.1151133501259445,0.2040302267002519,0.1187657430730478,0.1148614609571788,0.0777078085642317,0.0161209068010075,0.0400503778337531,0.0148614609571788,0.0090176322418136,0.0148614609571788,66.25499999999998,0.9986667672880036
E22A054,2012,884,22. Dogu Karadeniz Havzasi,AKÇAY DURAKLI,"37°8'50"" Doğu - 41°6'38"" Kuzey",41.111,37.147,47.57,222.2,762.0,24.1,169270000.0,5.253,5.377,20.534,1.899,24.177,63.506,14.106,28.3,24.9,28.3,26.9,30.3,35.8,21.8,2.42,13.5,14.0,18.8,1.39,1.18,2.42,1.65,2.77,4.2,6.4,1.28,0.732,0.418,0.58,0.58,0.58,4.26,8.54,4.98,6.31,10.4,13.3,7.38,1.19,1.6,2.86,2.87,0.838,19.2,38.4,22.4,28.4,46.6,59.8,33.2,5.36,7.19,12.9,12.9,3.77,51.3,99.6,60.1,76.1,117.0,160.0,86.1,14.4,18.6,34.5,34.6,9.77,11.4,22.1,13.3,16.9,26.0,35.6,19.1,3.19,4.14,7.67,7.7,2.17,35.8,0.418,5.3773333333333335,6.657575006198859,0.077733696999752,0.0673228346456693,0.1307086614173228,0.0788713910761154,0.0998687664041994,0.1535433070866141,0.2099737532808399,0.1129921259842519,0.0188976377952755,0.0244094488188976,0.0452755905511811,0.0454068241469816,0.0128215223097112,63.50583333333333,0.9999081449210704
E22A054,2015,927,22. Dogu Karadeniz Havzasi,AKÇAY DURAKLI,"37°8'50"" Doğu - 41°6'38"" Kuzey",41.111,37.147,47.57,222.2,895.0,28.4,198980000.0,4.887,6.34,75.042,1.037,28.516,74.582,16.582,158.0,278.0,38.1,55.0,39.1,59.1,83.5,5.51,90.5,12.6,64.2,16.9,0.5,0.69,1.31,1.6,0.88,2.32,2.56,0.69,1.02,0.349,0.349,0.179,4.97,14.3,6.21,8.36,7.49,12.1,12.2,1.73,5.47,1.4,1.33,0.521,22.3,64.2,27.9,37.6,33.7,54.5,55.0,7.78,24.6,6.3,5.97,2.34,59.9,166.0,74.9,101.0,81.6,146.0,142.0,20.8,63.8,16.9,16.0,6.08,13.3,37.0,16.6,22.4,18.1,32.5,31.6,4.63,14.2,3.75,3.55,1.35,278.0,0.179,6.340083333333335,43.84800410089246,0.0282330673887041,0.0669273743016759,0.1854748603351955,0.0836871508379888,0.1128491620111731,0.0911731843575418,0.1631284916201117,0.1586592178770949,0.0232402234636871,0.0712849162011173,0.0188826815642458,0.017877094972067,0.0067932960893854,74.58166666666666,1.0000223468680864
E22A054,2017,936,22. Dogu Karadeniz Havzasi,AKÇAY DURAKLI,"37°8'50"" Doğu - 41°6'38"" Kuzey",41.111,37.147,47.57,222.2,793.0,25.1,176160000.0,4.968,5.638,54.227,1.574,25.392,66.124,14.68,16.3,58.1,58.1,33.6,59.1,51.0,23.3,21.8,182.0,2.08,3.34,142.0,1.02,1.02,3.34,2.08,3.34,3.88,1.46,0.88,0.785,0.5,0.349,0.236,2.97,4.95,9.69,9.14,14.3,10.4,4.36,3.07,5.71,0.844,0.613,1.61,13.4,22.3,43.6,41.1,64.5,46.9,19.6,13.8,25.7,3.8,2.76,7.24,35.8,57.8,117.0,110.0,156.0,126.0,50.8,37.1,66.6,10.2,7.39,18.8,7.96,12.8,25.9,24.5,34.7,27.9,11.3,8.23,14.8,2.26,1.64,4.17,182.0,0.236,5.638083333333332,32.280473565189126,0.0418581964911243,0.0451450189155107,0.0728877679697351,0.1475409836065573,0.1387137452711223,0.1967213114754098,0.158890290037831,0.0640605296343001,0.0467843631778058,0.0839848675914249,0.0128625472887767,0.0093190416141235,0.0237074401008827,66.12416666666667,0.9993824748894126
E22A054,2016,930,22. Dogu Karadeniz Havzasi,AKÇAY DURAKLI,"37°8'50"" Doğu - 41°6'38"" Kuzey",41.111,37.147,47.57,222.2,825.0,26.1,183330000.0,4.935,5.832,60.212,1.35,26.252,68.65,15.278,60.1,7.14,24.0,46.9,124.0,54.0,5.51,192.0,55.0,55.0,55.0,43.9,0.236,0.595,0.595,2.56,4.49,2.56,1.6,0.88,0.88,0.785,0.236,0.785,1.86,1.63,4.85,11.7,17.5,8.28,2.27,8.33,5.3,3.29,0.869,4.1,8.37,7.34,21.8,52.8,78.8,37.3,10.2,37.5,23.8,14.8,3.91,18.4,22.4,19.0,58.4,141.0,197.0,99.8,26.5,100.0,61.8,39.6,10.5,47.8,4.98,4.23,13.0,31.4,43.9,22.2,5.89,22.3,13.7,8.8,2.33,10.6,192.0,0.236,5.831583333333334,32.924162963174666,0.0404692836422355,0.0271515151515151,0.023030303030303,0.0707878787878787,0.1709090909090909,0.2387878787878788,0.1209696969696969,0.0321212121212121,0.1212121212121212,0.0749090909090909,0.048,0.0127272727272727,0.0579393939393939,68.64999999999999,1.001456664238893
E22A063,2017,939,22. Dogu Karadeniz Havzasi,TURNASUYU KAPÇULLU,"38°0'7"" Doğu - 40°57'19"" Kuzey",40.955,38.002,51.832,274.5,759.0,24.1,208410000.0,7.314,6.617,23.337,2.422,24.098,63.3,17.367,29.0,28.2,31.9,9.34,18.8,32.8,26.6,39.7,46.6,4.44,5.97,6.69,1.79,1.64,3.89,2.79,2.79,7.05,4.71,2.23,1.06,0.469,0.469,0.177,7.25,5.17,7.85,4.66,7.79,15.4,11.1,9.33,7.18,1.11,1.1,1.46,26.4,18.8,28.6,17.0,28.4,56.0,40.4,34.0,26.2,4.05,4.0,5.33,70.7,48.8,76.6,45.5,68.7,150.0,105.0,91.1,67.8,10.9,10.7,13.8,19.4,13.4,21.0,12.5,18.9,41.2,28.7,25.0,18.6,2.98,2.94,3.79,46.6,0.177,6.6166666666666645,7.042821158690179,0.0267506297229219,0.0931488801054018,0.0642951251646903,0.1009222661396574,0.0599472990777338,0.0905138339920948,0.1976284584980237,0.1383399209486166,0.120026350461133,0.0893280632411067,0.014361001317523,0.0140974967061923,0.0181818181818181,63.29999999999999,0.9992101105845184
E22A063,2012,887,22. Dogu Karadeniz Havzasi,TURNASUYU KAPÇULLU,"38°0'7"" Doğu - 40°57'19"" Kuzey",40.955,38.002,51.832,274.5,830.0,26.3,227750000.0,7.209,7.24,44.357,1.964,26.361,69.158,18.979,67.3,185.0,13.1,8.68,11.9,28.5,80.9,36.2,36.2,48.4,6.9,9.2,1.06,2.28,1.75,2.49,2.28,3.72,6.09,1.6,0.647,0.501,0.501,0.647,8.45,14.6,4.65,4.23,5.01,9.63,23.9,5.88,4.15,3.13,1.55,1.7,30.8,53.3,16.9,15.4,18.2,35.1,86.9,21.4,15.1,11.4,5.64,6.19,82.4,138.0,45.3,41.2,45.7,94.0,225.0,57.4,39.2,30.6,15.1,16.0,22.6,37.9,12.4,11.3,12.5,25.8,61.8,15.7,10.8,8.4,4.15,4.4,185.0,0.501,7.239999999999999,25.552486187845307,0.0691988950276243,0.0992771084337349,0.1662650602409638,0.054578313253012,0.0496385542168674,0.0550602409638554,0.1132530120481927,0.2710843373493976,0.0691566265060241,0.0472289156626506,0.036867469879518,0.0181927710843373,0.0192771084337349,69.15833333333333,1.000120496445355
E22A063,2015,929,22. Dogu Karadeniz Havzasi,TURNASUYU KAPÇULLU,"38°0'7"" Doğu - 40°57'19"" Kuzey",40.955,38.002,51.832,274.5,932.0,29.6,255820000.0,6.965,8.134,77.717,2.238,29.62,77.7,21.318,245.0,135.0,46.7,25.2,19.8,38.5,47.8,17.4,39.5,26.7,146.0,145.0,0.918,2.46,2.81,4.08,2.46,4.9,4.08,1.15,1.58,0.827,0.762,0.827,6.21,16.1,9.94,8.5,8.41,14.3,13.3,4.45,6.9,4.86,3.15,1.49,22.6,58.6,36.2,31.0,30.6,52.1,48.4,16.2,25.1,17.7,11.5,5.44,60.6,152.0,97.0,82.9,74.1,140.0,125.0,43.4,65.1,47.4,30.8,14.1,16.6,41.7,26.6,22.8,20.3,38.3,34.4,11.9,17.9,13.0,8.45,3.87,245.0,0.762,8.134166666666667,30.119864767954105,0.0936789263395143,0.0650214592274678,0.1630901287553648,0.1040772532188841,0.0889484978540772,0.0795064377682403,0.1502145922746781,0.1341201716738197,0.0465665236051502,0.0698497854077253,0.0508583690987124,0.0330472103004291,0.0151287553648068,77.7,0.9995709995709996
E22A063,2019,912,22. Dogu Karadeniz Havzasi,TURNASUYU KAPÇULLU,"38°0'7"" Doğu - 40°57'19"" Kuzey",40.955,38.002,51.832,274.5,694.0,22.0,190530000.0,7.014,6.027,35.678,1.705,21.952,57.792,15.877,87.9,40.9,57.4,27.4,12.9,20.2,31.9,50.0,9.34,30.9,37.6,21.7,0.874,0.874,4.44,3.89,3.07,1.94,1.5,0.791,0.709,0.627,0.956,0.791,6.55,6.43,10.3,9.83,5.74,7.32,8.65,5.87,1.75,3.41,3.98,2.49,23.9,23.4,37.5,35.8,20.9,26.7,31.5,21.4,6.37,12.4,14.5,9.06,63.9,60.7,100.0,95.9,50.6,71.5,81.6,57.2,16.5,33.3,38.8,23.5,17.5,16.7,27.6,26.3,13.9,19.6,22.4,15.7,4.54,9.14,10.7,6.45,87.9,0.627,6.026666666666666,14.585176991150444,0.104037610619469,0.0920749279538904,0.0874639769452449,0.1440922190201729,0.1381844380403458,0.0729106628242075,0.1030259365994236,0.117579250720461,0.0824207492795389,0.0237752161383285,0.0479827089337175,0.055907780979827,0.0338616714697406,57.79166666666666,1.0007209805335255
E22A063,2013,894,22. Dogu Karadeniz Havzasi,TURNASUYU KAPÇULLU,"38°0'7"" Doğu - 40°57'19"" Kuzey",40.955,38.002,51.832,274.5,714.0,22.6,195880000.0,7.181,6.236,41.029,1.495,22.692,59.43,16.323,21.0,156.0,36.1,34.0,15.2,41.8,9.85,32.9,72.6,14.5,32.9,25.5,0.501,0.501,0.303,3.13,4.02,5.5,1.26,0.342,0.726,0.63,0.515,0.515,1.77,17.8,6.8,11.4,7.88,14.6,4.2,2.71,3.12,1.67,0.672,2.21,6.44,64.8,24.8,41.4,28.7,53.0,15.3,9.86,11.4,6.08,2.45,8.07,17.3,168.0,66.3,111.0,69.4,142.0,39.6,26.4,29.4,16.3,6.56,20.9,4.74,46.1,18.2,30.5,19.1,39.0,10.9,7.25,8.08,4.47,1.8,5.74,156.0,0.303,6.236,25.016035920461835,0.0485888389993585,0.0242296918767507,0.2352941176470588,0.0928571428571428,0.1554621848739495,0.0971988795518207,0.1988795518207282,0.0554621848739495,0.0369747899159663,0.0411764705882352,0.022829131652661,0.009187675070028,0.0292717086834733,59.42999999999999,1.0011778563015314
E22A063,2020,912,22. Dogu Karadeniz Havzasi,TURNASUYU KAPÇULLU,"38°0'7"" Doğu - 40°57'19"" Kuzey",40.955,38.002,51.832,274.5,766.0,24.2,210280000.0,6.988,6.659,65.008,2.156,24.285,63.792,17.523,10.4,71.6,47.7,42.0,81.8,86.4,84.8,32.8,18.8,10.4,286.0,7.4,0.377,0.874,0.874,3.07,6.33,8.47,1.64,1.21,1.06,0.709,0.469,0.791,3.15,4.49,5.9,7.35,14.7,16.1,5.55,8.7,3.49,2.15,6.47,1.86,11.5,16.4,21.5,26.8,53.7,58.7,20.2,31.7,12.7,7.85,23.6,6.77,30.8,42.4,57.6,71.7,134.0,157.0,52.5,84.9,33.0,21.0,63.1,17.5,8.45,11.6,15.8,19.7,36.9,43.2,14.4,23.3,9.05,5.77,17.3,4.81,286.0,0.377,6.659166666666667,42.94831685646352,0.0566136904017019,0.0402088772845953,0.0553524804177545,0.0751958224543081,0.0936031331592689,0.1749347258485639,0.2049608355091383,0.0685378590078329,0.1108355091383812,0.0430809399477806,0.0274151436031331,0.0823759791122715,0.0228459530026109,63.79166666666666,1.000653167864141
E22A063,2018,941,22. Dogu Karadeniz Havzasi,TURNASUYU KAPÇULLU,"38°0'7"" Doğu - 40°57'19"" Kuzey",40.955,38.002,51.832,274.5,539.0,17.1,148070000.0,7.096,4.693,33.675,1.144,17.098,44.942,12.339,56.2,15.3,77.1,20.2,26.6,86.4,12.4,42.0,16.7,10.4,16.7,24.1,0.709,0.574,1.35,2.52,2.23,2.37,0.874,0.791,0.791,0.709,0.469,0.337,4.69,1.25,9.11,7.9,6.96,8.41,2.56,4.25,4.95,2.21,1.72,2.3,17.1,4.55,33.2,28.8,25.4,30.6,9.34,15.5,18.0,8.03,6.26,8.39,45.7,11.8,88.9,77.1,61.3,82.1,24.2,41.5,46.7,21.5,16.8,21.7,12.6,3.24,24.4,21.2,16.8,22.5,6.65,11.4,12.8,5.91,4.6,5.97,86.4,0.337,4.692500000000001,18.41236014917421,0.0718167288225892,0.084786641929499,0.0218923933209647,0.1649350649350649,0.1430426716141001,0.1137291280148422,0.1523191094619665,0.0448979591836734,0.0769944341372912,0.0866419294990723,0.0398886827458256,0.0311688311688311,0.0402597402597402,44.94166666666666,0.999443723345077
E22A063,2014,963,22. Dogu Karadeniz Havzasi,TURNASUYU KAPÇULLU,"38°0'7"" Doğu - 40°57'19"" Kuzey",40.955,38.002,51.832,274.5,494.0,15.7,135510000.0,6.821,4.287,33.84,1.112,15.608,41.158,11.292,68.6,2.63,20.6,13.1,9.85,26.6,25.5,11.7,35.0,54.0,63.1,75.4,1.01,0.303,1.26,2.24,1.85,1.85,1.01,1.01,0.726,0.726,0.63,0.726,7.31,1.31,5.84,5.42,3.73,7.55,4.56,3.5,4.27,1.94,2.1,3.91,26.6,4.79,21.3,19.7,13.6,27.5,16.6,12.7,15.6,7.08,7.63,14.2,71.4,12.4,56.9,52.8,32.9,73.7,43.1,34.1,40.3,19.0,20.4,36.9,19.6,3.41,15.6,14.5,9.02,20.2,11.8,9.37,11.1,5.2,5.61,10.1,75.4,0.303,4.286666666666666,17.589424572317267,0.0706842923794712,0.1445344129554656,0.0251012145748987,0.1151821862348178,0.1068825910931174,0.0665991902834008,0.1491902834008097,0.087246963562753,0.0690283400809716,0.081578947368421,0.0384615384615384,0.0412955465587044,0.0746963562753036,41.15833333333334,1.0002024701356549
E22A063,2016,932,22. Dogu Karadeniz Havzasi,TURNASUYU KAPÇULLU,"38°0'7"" Doğu - 40°57'19"" Kuzey",40.955,38.002,51.832,274.5,1285.0,40.7,352820000.0,7.384,11.209,58.158,2.183,40.824,107.033,29.402,51.2,56.2,15.3,57.4,59.8,38.6,29.0,151.0,35.7,122.0,7.4,74.3,0.574,1.06,1.35,2.79,7.76,4.44,2.08,1.5,1.06,1.21,0.874,1.5,8.36,12.2,6.1,16.0,23.8,15.4,9.73,15.6,6.83,10.5,1.73,8.26,30.5,44.5,22.2,58.2,86.8,56.1,35.4,56.7,24.9,38.2,6.29,30.1,81.6,115.0,59.6,156.0,217.0,150.0,91.9,152.0,64.5,102.0,16.8,78.0,22.4,31.7,16.3,42.8,59.7,41.2,25.2,41.7,17.7,28.1,4.62,21.4,151.0,0.574,11.209166666666668,13.471117389041709,0.0512080886179466,0.0635019455252918,0.0894941634241245,0.0463813229571984,0.1214007782101167,0.1688715953307393,0.1167315175097276,0.0715175097276264,0.1182879377431906,0.0501945525291828,0.0793774319066147,0.0130739299610894,0.0607003891050583,107.03333333333332,1.000467144191841
E14A018,2015,553,14. Yesilirmak Havzasi,YEŞİLIRMAK N. GÖMELEÖNÜ,"37°7'43"" Doğu - 40°18'42"" Kuzey",40.312,37.129,55.657,1608.0,283.0,9.0,455330000.0,18.034,14.447,43.882,7.739,8.984,23.606,37.944,27.4,26.8,40.5,37.1,22.7,93.4,190.0,47.4,29.9,8.02,0.469,2.89,1.48,2.89,8.49,7.14,6.68,17.7,29.9,15.6,2.9,0.078,0.006,0.003,4.79,11.0,19.5,14.9,14.5,31.6,36.3,20.9,11.4,4.28,2.1,2.09,2.98,6.82,12.1,9.29,9.04,19.6,22.6,13.0,7.11,2.66,1.31,1.3,7.98,17.7,32.5,24.9,21.9,52.6,58.6,34.7,18.4,7.12,3.5,3.37,12.8,28.4,52.2,40.0,35.2,84.5,94.2,55.9,29.6,11.5,5.62,5.41,190.0,0.003,14.446666666666664,13.151822796492848,0.0002076603599446,0.0281978798586572,0.0625441696113074,0.1148409893992932,0.0879858657243816,0.0773851590106007,0.1858657243816254,0.2070671378091872,0.1226148409893993,0.0650176678445229,0.0251590106007067,0.0123674911660777,0.0119081272084805,23.605833333333333,0.9990468457655242
E14A018,2016,554,14. Yesilirmak Havzasi,YEŞİLIRMAK N. GÖMELEÖNÜ,"37°7'43"" Doğu - 40°18'42"" Kuzey",40.312,37.129,55.657,1608.0,309.0,9.8,496870000.0,17.99,15.733,42.319,6.224,9.781,25.734,41.406,0.914,2.4,2.65,8.41,88.2,85.6,98.5,134.0,64.4,14.5,5.35,2.9,0.005,1.1,1.9,1.9,4.02,21.7,13.1,13.6,9.19,4.3,2.4,1.47,0.366,1.8,2.2,4.51,18.9,42.5,41.3,39.5,24.1,8.31,3.32,1.99,0.227,1.12,1.37,2.8,11.7,26.4,25.7,24.6,15.0,5.17,2.06,1.23,0.609,2.9,3.66,7.51,29.4,70.8,66.6,65.9,38.9,13.8,5.53,3.2,0.979,4.66,5.89,12.1,47.3,114.0,107.0,106.0,62.6,22.3,8.89,5.15,134.0,0.005,15.733,8.517129600203395,0.0003178033432911,0.0019708737864077,0.0093851132686084,0.0118446601941747,0.0243042071197411,0.0951456310679611,0.229126213592233,0.2155339805825242,0.2132686084142395,0.1258899676375404,0.0446601941747572,0.0178964401294498,0.0103559870550161,25.73408333333333,1.0006185052896774
E14A018,2014,533,14. Yesilirmak Havzasi,YEŞİLIRMAK N. GÖMELEÖNÜ,"37°7'43"" Doğu - 40°18'42"" Kuzey",40.312,37.129,55.657,1608.0,59.0,1.9,94770000.0,18.105,3.007,8.654,0.843,1.869,4.92,7.898,2.89,6.68,4.82,4.82,4.5,24.0,9.4,13.1,17.0,3.53,2.21,10.9,0.528,0.586,0.586,0.586,0.702,0.941,2.89,1.3,0.76,0.356,0.242,0.644,1.28,1.28,1.49,1.35,1.55,9.04,6.96,4.3,5.15,1.11,0.912,1.66,0.795,0.793,0.928,0.837,0.962,5.62,4.33,2.68,3.2,0.689,0.567,1.03,2.13,2.06,2.49,2.24,2.33,15.1,11.2,7.17,8.29,1.84,1.52,2.67,3.42,3.31,4.0,3.6,3.74,24.2,18.0,11.5,13.3,2.97,2.44,4.29,24.0,0.242,3.006833333333333,7.981819189623637,0.0804833434953716,0.0361016949152542,0.0349152542372881,0.0422033898305084,0.0379661016949152,0.0394915254237288,0.2559322033898305,0.1898305084745762,0.1215254237288135,0.1405084745762711,0.0311864406779661,0.0257627118644067,0.0452542372881355,4.920000000000001,0.9993224932249322
E14A018,2018,549,14. Yesilirmak Havzasi,YEŞİLIRMAK N. GÖMELEÖNÜ,"37°7'43"" Doğu - 40°18'42"" Kuzey",40.312,37.129,55.657,1608.0,247.0,7.9,397830000.0,17.891,12.649,3.235,2.243,7.87,20.642,33.153,0.0,0.0,3.74,3.74,3.74,3.74,3.74,3.74,3.74,2.9,2.9,6.84,0.0,0.0,0.0,3.74,3.74,3.74,3.74,3.74,2.65,2.9,2.65,0.017,0.0,0.0,0.603,10.3,18.1,50.2,23.9,19.7,18.0,6.77,2.08,2.14,0.0,0.0,0.375,6.43,11.3,31.2,14.9,12.2,11.2,4.21,1.29,1.33,0.0,0.0,1.0,17.2,27.3,83.6,38.6,32.7,29.1,11.3,3.46,3.45,0.0,0.0,1.62,27.7,43.9,134.0,62.0,52.6,46.8,18.1,5.56,5.55,6.84,0.0,12.649416666666667,0.5407363975940919,0.0,0.0,0.0,0.0040485829959514,0.0696356275303643,0.1105263157894736,0.3384615384615384,0.1562753036437247,0.1323886639676113,0.1178137651821862,0.045748987854251,0.0140080971659919,0.0139676113360323,20.6425,0.9971337451051634
E14A018,2013,563,14. Yesilirmak Havzasi,YEŞİLIRMAK N. GÖMELEÖNÜ,"37°7'43"" Doğu - 40°18'42"" Kuzey",40.312,37.129,55.657,1608.0,347.0,11.0,558690000.0,18.407,17.741,40.75,8.661,11.037,28.956,46.558,5.35,54.2,25.4,25.4,42.7,149.0,99.8,39.4,25.4,11.3,5.35,5.7,2.9,3.18,8.02,6.05,13.1,19.8,29.1,9.98,5.35,2.9,1.9,1.65,3.45,12.3,14.8,13.3,19.8,51.1,52.1,24.6,11.2,4.8,2.75,2.69,2.15,7.67,9.2,8.28,12.3,31.8,32.4,15.3,6.99,2.98,1.71,1.67,5.75,19.9,24.6,22.2,29.8,85.2,84.0,41.0,18.1,7.99,4.59,4.34,9.24,32.0,39.6,35.6,47.9,137.0,135.0,66.0,29.1,12.9,7.38,6.97,149.0,1.65,17.74083333333333,8.398703555826954,0.0930057776316407,0.0165706051873198,0.0573487031700288,0.070893371757925,0.0639769452449567,0.085878962536023,0.2455331412103746,0.2420749279538905,0.1181556195965417,0.0521613832853026,0.0230259365994236,0.0132276657060518,0.012507204610951,28.95583333333333,0.9986473652401648
E14A018,2012,565,14. Yesilirmak Havzasi,YEŞİLIRMAK N. GÖMELEÖNÜ,"37°7'43"" Doğu - 40°18'42"" Kuzey",40.312,37.129,55.657,1608.0,302.0,9.5,485340000.0,19.752,15.397,29.572,8.598,9.575,25.118,40.445,4.65,5.7,5.0,5.7,8.8,38.6,169.0,65.5,30.7,12.2,5.0,4.02,3.46,3.74,3.74,3.74,4.65,7.62,26.8,28.3,10.4,4.65,3.18,2.9,3.54,4.11,3.75,4.16,4.83,14.8,78.4,39.4,18.1,7.21,3.65,2.81,2.2,2.56,2.33,2.59,3.01,9.22,48.7,24.5,11.3,4.48,2.27,1.74,5.9,6.62,6.24,6.92,7.53,24.7,126.0,65.7,29.2,12.0,6.08,4.52,9.49,10.6,10.0,11.1,12.1,39.7,203.0,106.0,47.0,19.3,9.78,7.27,169.0,2.9,15.396666666666668,10.976401818575448,0.1883524572418272,0.0195364238410596,0.0219205298013245,0.0206622516556291,0.0229139072847682,0.024933774834437,0.0817880794701986,0.4172185430463576,0.2175496688741722,0.0966887417218543,0.0397350993377483,0.0201324503311258,0.0149668874172185,25.1175,1.00195746657377
E14A018,2019,521,14. Yesilirmak Havzasi,YEŞİLIRMAK N. GÖMELEÖNÜ,"37°7'43"" Doğu - 40°18'42"" Kuzey",40.312,37.129,55.657,1608.0,403.0,12.8,647900000.0,17.939,20.581,37.732,7.693,12.805,33.558,53.992,15.0,8.41,23.5,30.7,27.6,66.6,117.0,92.0,27.6,21.7,12.7,9.98,0.017,1.47,2.4,3.18,14.5,18.2,26.0,19.8,2.4,3.18,1.1,0.066,5.01,5.22,10.7,20.7,22.5,35.2,65.9,49.4,15.1,8.0,5.0,4.24,3.11,3.25,6.66,12.9,14.0,21.9,41.0,30.7,9.42,4.97,3.11,2.64,8.34,8.41,17.8,34.5,33.9,58.6,106.0,82.3,24.4,13.3,8.32,6.83,13.4,13.5,28.7,55.4,54.5,94.3,171.0,132.0,39.3,21.4,13.4,11.0,117.0,0.017,20.58083333333333,5.684901000121472,0.0008260112564279,0.0206947890818858,0.0208684863523573,0.0441687344913151,0.0856079404466501,0.0841191066997518,0.145409429280397,0.2630272952853598,0.2042183622828784,0.060545905707196,0.0330024813895781,0.0206451612903225,0.0169478908188585,33.55833333333333,1.0007449714427614
D14A162,2005,439,14. Yesilirmak Havzasi,YEŞİLIRMAK KOZLU,"37°33'2"" Doğu - 40°15'12"" Kuzey",40.253,37.551,55.75,712.62,405.0,12.8,288330000.0,4.57,9.124,25.03,4.393,12.795,33.688,24.026,0.84,12.5,3.67,3.03,14.0,103.0,95.3,39.6,20.2,2.92,2.56,2.74,0.585,0.66,0.84,1.19,0.84,9.1,18.1,14.5,2.74,1.66,1.3,1.2,0.679,1.33,2.13,1.81,3.07,27.5,37.4,21.8,8.07,2.5,1.77,1.43,0.953,1.86,2.99,2.54,4.31,38.5,52.5,30.6,11.3,3.5,2.48,2.01,2.55,4.83,8.02,6.8,10.4,103.0,136.0,82.0,29.4,9.38,6.65,5.22,1.82,3.44,5.72,4.84,7.44,73.5,97.1,58.4,20.9,6.69,4.74,3.72,103.0,0.585,9.124083333333331,11.288805268109126,0.0641160299208139,0.0062962962962962,0.0119259259259259,0.0198024691358024,0.0167901234567901,0.025679012345679,0.254320987654321,0.3358024691358025,0.2024691358024691,0.0725925925925925,0.0231604938271604,0.0164197530864197,0.0128888888888888,33.6875,1.0018552875695732
D14A162,2019,477,14. Yesilirmak Havzasi,YEŞİLIRMAK KOZLU,"37°33'2"" Doğu - 40°15'12"" Kuzey",40.253,37.551,55.75,712.62,407.0,12.9,289830000.0,7.954,9.201,22.362,3.996,12.915,33.907,24.152,14.8,7.51,23.6,18.8,11.8,36.7,84.0,41.0,15.3,4.95,5.2,4.69,0.959,1.18,1.64,2.98,5.9,7.51,12.8,8.59,3.51,0.988,0.906,0.988,2.54,1.65,5.74,7.77,9.68,18.1,30.7,21.4,7.24,2.66,1.4,1.53,3.57,2.32,8.06,10.9,13.6,25.4,43.1,30.0,10.2,3.73,1.96,2.14,9.55,6.01,21.6,29.2,32.9,68.1,112.0,80.4,26.3,10.0,5.26,5.56,6.81,4.28,15.4,20.8,23.4,48.6,79.6,57.3,18.8,7.13,3.75,3.96,84.0,0.906,9.200833333333334,9.129607825378136,0.0984693415451499,0.0234643734643734,0.0147665847665847,0.053071253071253,0.0717444717444717,0.0808353808353808,0.1673218673218673,0.2751842751842752,0.1975429975429975,0.0646191646191646,0.0245700245700245,0.0129238329238329,0.0136609336609336,33.906666666666666,1.000294927251278
D14A162,2015,529,14. Yesilirmak Havzasi,YEŞİLIRMAK KOZLU,"37°33'2"" Doğu - 40°15'12"" Kuzey",40.253,37.551,55.75,712.62,358.0,11.3,254890000.0,8.331,8.076,28.288,4.116,11.329,29.813,21.241,23.6,17.5,21.7,10.4,8.47,62.9,134.0,31.7,21.5,4.77,2.92,0.0,1.27,0.99,2.94,3.12,3.34,6.17,16.0,10.6,3.27,0.716,0.331,0.645,3.18,4.09,7.58,4.31,3.98,16.4,29.4,16.0,7.39,2.09,1.39,1.1,4.46,5.75,10.6,6.04,5.58,23.0,41.2,22.5,10.4,2.93,1.95,1.54,11.9,14.9,28.5,16.2,13.5,61.7,107.0,60.1,26.9,7.86,5.21,3.99,8.51,10.6,20.3,11.5,9.63,44.0,76.1,42.9,19.2,5.6,3.71,2.84,134.0,0.331,8.075833333333334,16.59271489010422,0.0409864823031678,0.0332402234636871,0.0416201117318435,0.079608938547486,0.0452513966480446,0.0377094972067039,0.1723463687150838,0.2988826815642458,0.167877094972067,0.0751396648044692,0.0219553072625698,0.0145530726256983,0.011145251396648,29.813333333333333,1.00067084078712
D14A162,2020,486,14. Yesilirmak Havzasi,YEŞİLIRMAK KOZLU,"37°33'2"" Doğu - 40°15'12"" Kuzey",40.253,37.551,55.75,712.62,301.0,9.5,214450000.0,7.881,6.779,20.48,3.0,9.512,25.078,17.871,4.2,4.95,9.29,10.5,24.4,72.5,37.8,47.8,22.5,5.36,4.08,2.38,1.07,0.906,1.07,1.18,2.37,5.63,12.7,7.51,1.94,0.646,0.461,0.518,1.37,1.29,1.71,2.14,5.66,21.7,19.3,18.0,5.76,2.23,1.15,1.04,1.92,1.81,2.4,3.0,7.94,30.4,27.1,25.3,8.08,3.13,1.61,1.46,5.13,4.68,6.42,8.03,19.9,81.5,70.2,67.7,20.9,8.38,4.32,3.78,3.66,3.34,4.57,5.73,14.2,58.1,50.0,48.2,14.9,5.97,3.08,2.7,72.5,0.461,6.779166666666669,10.694529809465273,0.0680024585125998,0.0170431893687707,0.015548172757475,0.021328903654485,0.0266777408637873,0.0661129568106312,0.2707641196013289,0.2332225913621262,0.2249169435215947,0.0694352159468438,0.0278405315614617,0.0143521594684385,0.0125581395348837,25.07833333333333,1.000199375290756
D14A162,2018,513,14. Yesilirmak Havzasi,YEŞİLIRMAK KOZLU,"37°33'2"" Doğu - 40°15'12"" Kuzey",40.253,37.551,55.75,712.62,225.0,7.1,160370000.0,7.866,5.081,19.226,2.008,7.13,18.76,13.364,3.38,3.85,19.9,5.09,15.3,111.0,15.3,21.4,19.9,4.55,4.82,6.22,0.518,0.716,1.06,0.959,1.29,5.36,5.09,4.55,2.23,0.879,0.646,0.793,0.83,1.36,2.94,2.32,5.29,19.3,8.06,9.27,6.34,2.29,1.28,1.69,1.17,1.91,4.13,3.25,7.42,27.1,11.3,13.0,8.9,3.21,1.79,2.38,3.12,4.94,11.1,8.71,17.9,72.6,29.3,34.8,23.1,8.6,4.79,6.16,2.22,3.52,7.88,6.21,12.8,51.7,20.9,24.8,16.4,6.13,3.42,4.39,111.0,0.518,5.0808333333333335,21.8468099065114,0.1019517795637198,0.0138666666666666,0.0219555555555555,0.0493333333333333,0.0387111111111111,0.0795555555555555,0.3226666666666666,0.1302222222222222,0.1546666666666666,0.1026666666666666,0.0382222222222222,0.0212888888888888,0.0273777777777777,18.759999999999994,0.9994669509594885
D14A162,2014,513,14. Yesilirmak Havzasi,YEŞİLIRMAK KOZLU,"37°33'2"" Doğu - 40°15'12"" Kuzey",40.253,37.551,55.75,712.62,87.0,2.8,62050000.0,8.356,1.965,6.713,0.985,2.756,7.252,5.171,4.35,4.81,3.21,4.35,3.38,11.6,5.56,6.92,17.7,2.75,1.53,14.4,0.493,0.96,1.03,0.855,1.03,1.4,2.31,1.57,0.908,0.369,0.4,0.496,1.36,1.19,1.46,1.4,1.58,4.88,3.73,3.03,1.93,0.857,0.73,1.43,1.9,1.67,2.04,1.97,2.22,6.85,5.24,4.25,2.71,1.2,1.02,2.0,5.1,4.33,5.48,5.26,5.38,18.3,13.6,11.4,7.03,3.22,2.74,5.19,3.63,3.09,3.9,3.75,3.83,13.1,9.68,8.11,5.01,2.3,1.95,3.7,17.7,0.369,1.96475,9.008779742969844,0.1878101539636086,0.0586206896551724,0.0497701149425287,0.0629885057471264,0.0604597701149425,0.0618390804597701,0.2103448275862069,0.1563218390804597,0.1310344827586207,0.0808045977011494,0.0370114942528735,0.0314942528735632,0.0596551724137931,7.2525,0.9996552912788692
D14A162,2017,530,14. Yesilirmak Havzasi,YEŞİLIRMAK KOZLU,"37°33'2"" Doğu - 40°15'12"" Kuzey",40.253,37.551,55.75,712.62,179.0,5.7,127490000.0,8.076,4.043,12.064,1.775,5.67,14.928,10.624,4.43,4.43,7.6,7.93,8.9,14.4,33.3,31.4,12.3,8.23,6.22,5.63,1.18,0.988,0.988,0.988,0.906,2.55,5.09,5.36,1.64,0.716,0.575,0.322,1.96,1.73,1.66,1.79,1.84,5.68,14.2,9.79,5.53,2.34,1.3,0.695,2.75,2.43,2.33,2.51,2.58,7.98,19.9,13.7,7.76,3.29,1.83,0.975,7.37,6.31,6.24,6.73,6.25,21.4,51.7,36.8,20.1,8.8,4.9,2.53,5.25,4.49,4.45,4.79,4.45,15.2,36.8,26.2,14.3,6.27,3.49,1.8,33.3,0.322,4.042916666666666,8.236627847057612,0.0796454704730496,0.0411731843575419,0.0352513966480446,0.0348603351955307,0.0375977653631284,0.0349162011173184,0.1195530726256983,0.2888268156424581,0.2055865921787709,0.1122905027932961,0.0491620111731843,0.0273743016759776,0.0141340782122905,14.927500000000002,0.9992742700831796
D14A162,2007,492,14. Yesilirmak Havzasi,YEŞİLIRMAK KOZLU,"37°33'2"" Doğu - 40°15'12"" Kuzey",40.253,37.551,55.75,712.62,353.0,11.2,251710000.0,10.081,7.971,26.172,3.558,11.188,29.437,20.976,18.0,58.8,3.89,3.67,7.2,74.8,66.0,44.9,8.34,2.81,24.6,1.05,1.49,3.46,1.95,1.49,2.38,4.72,14.5,7.58,2.38,1.05,0.75,0.945,3.39,9.79,2.72,2.25,3.96,17.9,26.0,20.9,4.85,1.76,1.14,0.991,4.76,13.7,3.82,3.16,5.55,25.2,36.4,29.4,6.81,2.47,1.6,1.39,12.8,35.6,10.2,8.46,13.4,67.4,94.5,78.7,17.7,6.61,4.27,3.6,9.09,25.4,7.29,6.03,9.57,48.0,67.3,56.1,12.6,4.71,3.05,2.57,74.8,0.75,7.970916666666667,9.38411516868616,0.0940920638571473,0.0362606232294617,0.1008498583569405,0.0288951841359773,0.0239660056657223,0.0379603399433427,0.1909348441926345,0.2677053824362606,0.2229461756373937,0.05014164305949,0.0187252124645892,0.0120963172804532,0.0101983002832861,29.436666666666667,0.9993205752462916
D14A162,2013,545,14. Yesilirmak Havzasi,YEŞİLIRMAK KOZLU,"37°33'2"" Doğu - 40°15'12"" Kuzey",40.253,37.551,55.75,712.62,354.0,11.2,252620000.0,9.066,8.047,19.984,3.73,11.281,29.538,21.052,4.99,28.1,10.7,15.6,20.6,75.7,53.8,14.5,8.13,3.48,2.21,2.0,1.02,1.02,2.49,2.63,8.2,10.0,11.0,5.44,1.94,0.837,0.089,0.089,1.47,4.93,5.28,6.27,11.2,25.4,22.4,10.3,4.49,1.73,1.43,1.67,2.06,6.92,7.41,8.8,15.7,35.6,31.4,14.4,6.31,2.43,2.0,2.34,5.53,17.9,19.8,23.6,38.0,95.4,81.4,38.6,16.3,6.51,5.36,6.06,3.94,12.8,14.1,16.8,27.1,68.0,58.0,27.5,11.6,4.64,3.82,4.32,75.7,0.089,8.0475,9.406648027337685,0.0110593351972662,0.0156214689265536,0.0505649717514124,0.0559322033898305,0.0666666666666666,0.1073446327683615,0.2694915254237288,0.2299435028248588,0.1090395480225988,0.0460451977401129,0.0183898305084745,0.0151412429378531,0.0171186440677966,29.538333333333338,0.9987022513118544
D14A162,2012,546,14. Yesilirmak Havzasi,YEŞİLIRMAK KOZLU,"37°33'2"" Doğu - 40°15'12"" Kuzey",40.253,37.551,55.75,712.62,311.0,9.8,221860000.0,9.197,7.038,15.227,2.902,9.884,25.919,18.488,4.01,3.12,3.3,4.99,4.54,10.4,92.5,29.6,18.2,6.8,2.63,2.63,1.12,0.754,0.754,0.92,0.505,1.69,7.86,13.7,4.36,1.12,1.02,1.02,1.96,1.63,1.39,1.57,1.71,4.75,36.3,20.2,9.2,3.04,1.38,1.33,2.75,2.28,1.95,2.21,2.4,6.66,51.0,28.4,12.9,4.27,1.93,1.86,7.37,5.92,5.21,5.92,6.01,17.8,132.0,75.9,33.5,11.4,5.17,4.83,5.25,4.22,3.72,4.22,4.28,12.7,94.2,54.1,23.9,8.15,3.68,3.44,92.5,0.505,7.038333333333333,13.14231588917831,0.0717499408003788,0.0236977491961414,0.0190353697749196,0.0167524115755627,0.0190353697749196,0.0193247588424437,0.0572347266881028,0.4244372990353697,0.2440514469453376,0.107717041800643,0.0366559485530546,0.0166237942122186,0.0155305466237942,25.919166666666666,0.9999035462817092
D14A162,2010,474,14. Yesilirmak Havzasi,YEŞİLIRMAK KOZLU,"37°33'2"" Doğu - 40°15'12"" Kuzey",40.253,37.551,55.75,712.62,467.0,14.8,332750000.0,9.669,10.612,34.187,5.85,14.897,38.94,27.729,2.38,91.1,33.6,21.8,63.1,104.0,48.3,16.3,22.2,4.92,1.49,1.05,0.894,1.05,4.92,10.7,11.1,16.3,13.9,8.5,2.6,0.153,0.048,0.039,1.21,12.2,11.7,14.1,19.2,28.6,18.9,13.2,6.48,1.58,0.105,0.07,1.7,17.2,16.4,19.7,27.0,40.2,26.5,18.5,9.1,2.22,0.148,0.098,4.57,44.5,43.9,52.8,65.2,108.0,68.6,49.5,23.6,5.96,0.395,0.253,3.25,31.7,31.3,37.6,46.5,76.7,48.9,35.3,16.8,4.24,0.282,0.18,104.0,0.039,10.612083333333333,9.80014920098944,0.003675055950371,0.0097858672376873,0.095289079229122,0.0940042826552462,0.1130620985010706,0.1396145610278372,0.2312633832976445,0.1468950749464668,0.1059957173447537,0.0505353319057815,0.0127623126338329,0.0008458244111349,0.0005417558886509,38.939833333333326,0.9994050650790324
D14A162,2016,529,14. Yesilirmak Havzasi,YEŞİLIRMAK KOZLU,"37°33'2"" Doğu - 40°15'12"" Kuzey",40.253,37.551,55.75,712.62,413.0,13.1,294130000.0,8.412,9.324,28.176,4.287,13.08,34.39,24.511,3.1,4.69,4.69,8.25,47.9,44.5,52.6,111.0,36.0,14.2,5.72,5.46,1.18,1.07,1.52,1.29,3.28,12.0,10.9,10.1,4.95,2.22,1.52,1.41,1.75,1.66,2.06,3.79,12.1,21.5,22.5,25.1,12.7,4.67,1.96,2.1,2.46,2.33,2.89,5.32,17.0,30.2,31.5,35.2,17.8,6.55,2.76,2.95,6.59,6.04,7.73,14.3,42.6,80.8,81.7,94.3,46.1,17.5,7.38,7.64,4.7,4.31,5.51,10.2,30.4,57.6,58.2,67.2,32.8,12.5,5.26,5.45,111.0,1.07,9.324166666666668,11.904549110733756,0.1147555634998659,0.015956416464891,0.0146246973365617,0.0187167070217917,0.0346246973365617,0.1031476997578692,0.1956416464891041,0.197820823244552,0.2283292978208232,0.1116222760290557,0.0423728813559322,0.0178692493946731,0.0184987893462469,34.39,1.000775419211011
D14A162,2008,474,14. Yesilirmak Havzasi,YEŞİLIRMAK KOZLU,"37°33'2"" Doğu - 40°15'12"" Kuzey",40.253,37.551,55.75,712.62,381.0,12.1,271340000.0,9.708,8.562,20.97,3.843,12.021,31.759,22.612,4.41,4.92,16.7,7.3,7.0,120.0,44.4,23.0,11.4,3.95,5.96,2.6,0.945,0.945,2.15,2.38,2.83,7.9,14.9,8.8,3.73,0.738,0.4,0.4,1.63,2.57,6.46,4.26,3.52,37.8,23.7,12.7,6.72,1.83,0.813,0.747,2.28,3.6,9.07,5.97,4.94,53.1,33.2,17.9,9.43,2.57,1.14,1.05,6.11,9.34,24.3,16.0,12.4,142.0,86.0,47.9,24.4,6.88,3.06,2.72,4.35,6.66,17.3,11.4,8.81,101.0,61.3,34.1,17.4,4.9,2.18,1.94,120.0,0.4,8.5625,14.014598540145986,0.0467153284671532,0.0160367454068241,0.024514435695538,0.0637795275590551,0.0419947506561679,0.0325459317585301,0.3727034120734908,0.2257217847769028,0.1257217847769028,0.0640419947506561,0.0180577427821522,0.0080314960629921,0.0071391076115485,31.759166666666665,0.9997113694209022
D14A162,2011,492,14. Yesilirmak Havzasi,YEŞİLIRMAK KOZLU,"37°33'2"" Doğu - 40°15'12"" Kuzey",40.253,37.551,55.75,712.62,378.0,12.0,269700000.0,9.509,8.534,27.216,4.026,11.957,31.523,22.475,9.19,4.77,7.07,4.01,6.8,97.4,63.9,85.5,31.8,8.13,4.36,3.66,0.002,0.089,0.089,0.308,0.375,2.77,15.2,16.7,7.33,2.21,1.81,1.43,0.801,0.649,1.23,0.963,2.04,14.8,29.9,29.1,13.5,4.92,2.36,2.14,1.12,0.91,1.72,1.35,2.86,20.7,41.9,40.8,18.9,6.9,3.31,3.01,3.01,2.36,4.61,3.62,6.93,55.5,109.0,109.0,49.1,18.5,8.86,7.79,2.15,1.68,3.29,2.58,4.94,39.5,77.5,78.0,35.0,13.2,6.31,5.55,97.4,0.002,8.533583333333334,11.413728113434177,0.000234368133746,0.0079629629629629,0.0062433862433862,0.0121957671957671,0.0095767195767195,0.0183333333333333,0.1468253968253968,0.2883597883597883,0.2883597883597883,0.1298941798941799,0.0489417989417989,0.0234391534391534,0.0206084656084656,31.523333333333337,0.9992598075499628
D14A186,2017,544,14. Yesilirmak Havzasi,ERYABA D. GÜRÇEŞME,"36°48'56"" Doğu - 40°33'52"" Kuzey",40.564,36.816,57.267,11.22,9.0,0.3,100000.0,0.003,0.003,0.011,0.001,0.275,0.72,0.008,0.0,0.0,0.0,0.0,0.015,0.015,0.007,0.028,0.053,0.011,0.0,0.0,0.0,0.0,0.0,0.0,0.0,0.0,0.004,0.004,0.007,0.0,0.0,0.0,0.0,0.0,0.0,0.0,0.002,0.005,0.007,0.009,0.013,0.002,0.0,0.0,0.0,0.0,0.0,0.0,0.15,0.42,0.618,0.779,1.16,0.173,0.0,0.0,0.0,0.0,0.0,0.0,0.362,1.12,1.6,2.09,3.0,0.462,0.0,0.0,0.0,0.0,0.0,0.0,0.004,0.013,0.018,0.023,0.034,0.005,0.0,0.0,0.053,0.0,0.0031666666666666,16.736842105263158,0.0,0.0,0.0,0.0,0.0,0.0402222222222222,0.1244444444444444,0.1777777777777777,0.2322222222222222,0.3333333333333333,0.0513333333333333,0.0,0.0,0.7195,1.0423905489923555
D14A186,2018,526,14. Yesilirmak Havzasi,ERYABA D. GÜRÇEŞME,"36°48'56"" Doğu - 40°33'52"" Kuzey",40.564,36.816,57.267,11.22,1.0,0.0,10000.0,0.002,0.0,0.006,0.0,0.018,0.048,0.0,0.011,0.0,0.0,0.015,0.0,0.033,0.0,0.0,0.007,0.0,0.0,0.0,0.0,0.0,0.0,0.0,0.0,0.0,0.0,0.0,0.0,0.0,0.0,0.0,0.0,0.0,0.0,0.0,0.0,0.002,0.0,0.0,0.0,0.0,0.0,0.0,0.012,0.0,0.0,0.032,0.0,0.173,0.0,0.0,0.0,0.0,0.0,0.0,0.031,0.0,0.0,0.085,0.0,0.462,0.0,0.0,0.0,0.0,0.0,0.0,0.0,0.0,0.0,0.001,0.0,0.005,0.0,0.0,0.0,0.0,0.0,0.0,0.033,0.0,0.0001666666666666,198.00000000000003,0.0,0.031,0.0,0.0,0.085,0.0,0.462,0.0,0.0,0.0,0.0,0.0,0.0,0.0481666666666666,1.7301038062283736
D14A186,2020,498,14. Yesilirmak Havzasi,ERYABA D. GÜRÇEŞME,"36°48'56"" Doğu - 40°33'52"" Kuzey",40.564,36.816,57.267,11.22,2.0,0.1,20000.0,0.002,0.001,0.015,0.0,0.068,0.174,0.002,0.015,0.0,0.0,0.0,0.058,0.004,0.004,0.02,0.02,0.02,0.02,0.02,0.0,0.0,0.0,0.0,0.0,0.0,0.0,0.0,0.0,0.0,0.0,0.0,0.0,0.0,0.0,0.0,0.005,0.0,0.001,0.001,0.001,0.001,0.001,0.001,0.0,0.0,0.0,0.0,0.479,0.0,0.048,0.046,0.071,0.081,0.046,0.045,0.0,0.0,0.0,0.0,1.2,0.0,0.123,0.123,0.185,0.216,0.123,0.116,0.0,0.0,0.0,0.0,0.013,0.0,0.001,0.001,0.002,0.002,0.001,0.001,0.058,0.0,0.0009166666666666,63.27272727272726,0.0,0.0,0.0,0.0,0.0,0.6,0.0,0.0615,0.0615,0.0925,0.108,0.0615,0.058,0.1738333333333333,0.9587727708533078
D14A186,2019,490,14. Yesilirmak Havzasi,ERYABA D. GÜRÇEŞME,"36°48'56"" Doğu - 40°33'52"" Kuzey",40.564,36.816,57.267,11.22,7.0,0.2,70000.0,0.002,0.002,0.019,0.0,0.206,0.543,0.006,0.0,0.0,0.0,0.058,0.02,0.011,0.038,0.038,0.015,0.015,0.015,0.015,0.0,0.0,0.0,0.0,0.0,0.0,0.0,0.0,0.0,0.0,0.0,0.0,0.0,0.0,0.0,0.009,0.002,0.001,0.008,0.007,0.0,0.001,0.001,0.0,0.0,0.0,0.0,0.794,0.137,0.052,0.731,0.61,0.024,0.058,0.058,0.012,0.0,0.0,0.0,2.13,0.331,0.139,1.89,1.63,0.062,0.154,0.154,0.031,0.0,0.0,0.0,0.024,0.004,0.002,0.021,0.018,0.001,0.002,0.002,0.0,0.058,0.0,0.0024166666666666,24.0,0.0,0.0,0.0,0.0,0.3042857142857142,0.0472857142857142,0.0198571428571428,0.2699999999999999,0.2328571428571428,0.0088571428571428,0.022,0.022,0.0044285714285714,0.5434166666666665,1.073454991565711
D22A105,2012,862,22. Dogu Karadeniz Havzasi,DEĞİRMEN D. SALIPAZARI,"36°49'19"" Doğu - 41°4'24"" Kuzey",41.073,36.822,63.899,74.5,957.0,30.2,71280000.0,2.559,2.251,85.804,0.409,30.229,79.744,5.94,31.1,22.6,13.6,19.7,13.2,18.6,14.1,12.7,12.2,529.0,341.0,1.85,0.127,0.621,0.335,0.621,1.11,1.36,0.169,0.104,0.058,0.127,0.203,0.076,1.95,3.01,1.93,2.62,3.31,5.25,2.61,0.389,0.284,3.61,1.83,0.217,26.2,40.4,25.9,35.2,44.4,70.5,35.1,5.22,3.82,48.5,24.6,2.91,70.1,105.0,69.3,94.4,111.0,189.0,90.9,14.0,9.89,130.0,65.8,7.54,5.22,7.8,5.16,7.03,8.29,14.1,6.77,1.04,0.737,9.67,4.9,0.562,529.0,0.058,2.250833333333333,235.02406516105148,0.025768233987412,0.0732497387669801,0.109717868338558,0.0724137931034482,0.0986415882967607,0.115987460815047,0.1974921630094044,0.0949843260188087,0.0146290491118077,0.0103343782654127,0.1358411703239289,0.0687565308254963,0.0078787878787878,79.74416666666666,1.0000731505961775
D22A105,2020,868,22. Dogu Karadeniz Havzasi,DEĞİRMEN D. SALIPAZARI,"36°49'19"" Doğu - 41°4'24"" Kuzey",41.073,36.822,63.899,74.5,961.0,30.4,71600000.0,2.497,2.274,37.003,0.507,30.525,80.036,5.966,25.1,22.5,29.0,33.8,38.2,24.5,16.5,23.8,8.56,15.6,205.0,1.47,0.37,0.16,0.22,0.74,1.6,0.92,0.82,0.66,0.33,0.16,0.063,0.046,1.3,1.22,1.95,3.88,6.77,5.11,2.35,2.41,0.88,0.496,0.78,0.145,17.5,16.4,26.2,52.0,90.8,68.6,31.6,32.3,11.8,6.66,10.5,1.94,46.9,42.6,70.1,139.0,228.0,184.0,81.8,86.6,30.6,17.8,28.0,5.03,3.49,3.17,5.22,10.4,17.0,13.7,6.09,6.45,2.28,1.33,2.09,0.375,205.0,0.046,2.27425,90.13960646366937,0.0202264482796526,0.0488033298647242,0.0443288241415192,0.0729448491155046,0.1446409989594172,0.2372528616024974,0.1914672216441207,0.0851196670135275,0.0901144640998959,0.0318418314255983,0.018522372528616,0.0291363163371488,0.0052341311134235,80.03583333333333,1.0005934841685495
D22A105,2008,758,22. Dogu Karadeniz Havzasi,DEĞİRMEN D. SALIPAZARI,"36°49'19"" Doğu - 41°4'24"" Kuzey",41.073,36.822,63.899,74.5,770.0,24.3,57370000.0,2.588,1.818,20.185,0.368,24.39,64.089,4.781,33.2,64.5,18.5,3.8,18.5,25.7,3.25,5.9,29.6,1.47,3.4,34.4,0.13,0.53,0.6,0.6,0.92,0.6,0.33,0.22,0.16,0.11,0.11,0.11,1.62,4.61,2.4,0.91,2.98,5.28,0.8,0.563,1.37,0.248,0.237,0.801,21.7,61.9,32.2,12.2,40.0,70.9,10.7,7.56,18.3,3.33,3.19,10.7,58.2,161.0,86.3,32.7,100.0,190.0,27.8,20.2,47.5,8.93,8.54,27.9,4.34,12.0,6.43,2.44,7.46,14.2,2.07,1.51,3.54,0.665,0.636,2.08,64.5,0.11,1.81825,35.47366973738485,0.0604977313350749,0.0755844155844155,0.209090909090909,0.112077922077922,0.0424675324675324,0.1298701298701298,0.2467532467532467,0.0361038961038961,0.0262337662337662,0.0616883116883116,0.0115974025974025,0.011090909090909,0.0362337662337662,64.08916666666666,1.0012092527338214
D22A105,2011,790,22. Dogu Karadeniz Havzasi,DEĞİRMEN D. SALIPAZARI,"36°49'19"" Doğu - 41°4'24"" Kuzey",41.073,36.822,63.899,74.5,1326.0,42.1,98800000.0,2.597,3.127,37.258,0.705,41.981,110.558,8.233,42.1,3.7,26.5,22.7,75.4,31.1,15.5,6.2,62.0,89.8,54.2,17.9,0.203,0.247,0.247,1.17,1.17,1.7,1.17,0.653,0.57,0.36,0.615,0.354,3.75,0.531,4.12,3.37,4.45,5.74,2.65,1.9,2.81,4.0,3.64,0.563,50.3,7.12,55.3,45.3,59.8,77.0,35.6,25.5,37.7,53.7,48.9,7.55,135.0,18.5,148.0,121.0,145.0,206.0,92.4,68.4,97.8,144.0,131.0,19.6,10.0,1.38,11.0,9.04,10.8,15.4,6.88,5.1,7.29,10.7,9.75,1.46,89.8,0.203,3.127,28.717620722737443,0.064918452190598,0.1018099547511312,0.0139517345399698,0.1116138763197586,0.0912518853695324,0.1093514328808446,0.1553544494720965,0.069683257918552,0.0515837104072398,0.0737556561085972,0.1085972850678733,0.0987933634992458,0.0147812971342383,110.55833333333332,0.9994723750659532
D22A105,2018,908,22. Dogu Karadeniz Havzasi,DEĞİRMEN D. SALIPAZARI,"36°49'19"" Doğu - 41°4'24"" Kuzey",41.073,36.822,63.899,74.5,934.0,29.6,69620000.0,2.452,2.21,30.192,0.286,29.664,77.817,5.802,10.4,11.6,35.9,36.5,14.9,37.2,4.8,19.0,27.4,57.3,83.7,23.6,0.131,0.131,0.131,0.607,0.826,0.607,0.24,0.218,0.196,0.131,0.131,0.087,0.735,0.413,4.01,4.93,4.08,4.4,0.993,0.877,0.615,1.48,2.36,1.63,9.87,5.54,53.8,66.2,54.8,59.0,13.3,11.8,8.26,19.8,31.7,21.9,26.4,14.4,144.0,177.0,132.0,158.0,34.5,31.5,21.4,53.1,84.8,56.7,1.97,1.07,10.7,13.2,9.87,11.8,2.57,2.35,1.59,3.96,6.32,4.22,83.7,0.087,2.2102499999999994,37.86901934170344,0.0393620631150322,0.0282655246252676,0.0154175588865096,0.1541755888650963,0.1895074946466809,0.1413276231263383,0.1691648822269807,0.0369379014989293,0.0337259100642398,0.0229122055674518,0.0568522483940042,0.0907922912205567,0.0607066381156316,77.81666666666666,1.0002141786249732
D22A105,2019,876,22. Dogu Karadeniz Havzasi,DEĞİRMEN D. SALIPAZARI,"36°49'19"" Doğu - 41°4'24"" Kuzey",41.073,36.822,63.899,74.5,1442.0,45.7,107440000.0,2.512,3.395,67.175,0.512,45.575,120.15,8.953,40.6,21.8,55.0,33.3,11.2,19.0,29.4,11.6,96.9,45.0,432.0,10.3,0.175,0.24,0.826,2.17,0.68,0.68,0.46,0.196,0.109,0.313,0.22,0.074,1.94,2.33,7.23,6.72,2.99,3.01,4.36,1.01,3.51,2.16,5.09,0.388,26.1,31.3,97.0,90.1,40.2,40.3,58.6,13.6,47.1,29.0,68.4,5.2,69.8,81.1,260.0,241.0,97.3,108.0,152.0,36.4,122.0,77.7,183.0,13.5,5.2,6.04,19.4,18.0,7.25,8.05,11.3,2.71,9.1,5.79,13.6,1.0,432.0,0.074,3.394833333333334,127.25219696597767,0.0217978300358387,0.0484049930651872,0.0562413314840499,0.1803051317614424,0.167128987517337,0.0674757281553398,0.0748959778085991,0.1054091539528432,0.0252427184466019,0.0846047156726768,0.053883495145631,0.1269070735090152,0.0093619972260748,120.15,1.0001387154945207
D22A105,2005,693,22. Dogu Karadeniz Havzasi,DEĞİRMEN D. SALIPAZARI,"36°49'19"" Doğu - 41°4'24"" Kuzey",41.073,36.822,63.899,74.5,971.0,30.8,72330000.0,2.57,2.297,23.2,0.589,30.837,80.85,6.028,7.18,32.4,23.1,8.62,14.2,31.8,14.7,32.4,22.5,14.2,31.1,46.2,0.19,0.26,1.56,0.54,1.0,2.06,0.54,0.33,0.295,0.11,0.09,0.09,0.523,3.43,4.93,2.09,3.03,5.26,3.25,2.49,1.13,0.303,0.34,0.791,7.02,46.0,66.1,28.1,40.7,70.6,43.7,33.4,15.2,4.07,4.56,10.6,18.8,119.0,177.0,75.3,98.4,189.0,113.0,89.6,39.5,10.9,12.2,27.5,1.4,8.88,13.2,5.61,7.33,14.1,8.43,6.67,2.94,0.811,0.91,2.05,46.2,0.09,2.29725,20.11100228534117,0.039177277179236,0.019361483007209,0.1225540679711637,0.1822863027806385,0.0775489186405767,0.1013388259526261,0.1946446961894953,0.1163748712667353,0.0922760041194644,0.0406797116374871,0.0112255406797116,0.0125643666323377,0.0283213182286302,80.85000000000001,1.0008245722531437
D22A105,2010,757,22. Dogu Karadeniz Havzasi,DEĞİRMEN D. SALIPAZARI,"36°49'19"" Doğu - 41°4'24"" Kuzey",41.073,36.822,63.899,74.5,969.0,30.7,72210000.0,2.521,2.287,33.611,0.406,30.706,80.754,6.017,16.5,41.4,25.5,12.9,11.6,14.2,23.7,3.8,47.0,200.0,4.35,2.38,0.22,0.42,0.48,0.85,0.725,0.6,0.54,0.33,0.33,0.06,0.159,0.159,0.891,5.39,1.48,3.0,1.82,2.64,2.47,0.535,1.93,6.71,0.252,0.321,12.0,72.4,19.8,40.2,24.5,35.5,33.2,7.18,25.9,90.1,3.38,4.31,32.0,188.0,53.2,108.0,59.2,95.0,86.1,19.2,67.1,241.0,9.05,11.2,2.39,14.0,3.96,8.03,4.41,7.07,6.41,1.43,5.0,18.0,0.674,0.832,200.0,0.06,2.286583333333333,87.46674441488393,0.0262400233244651,0.0330237358101135,0.1940144478844169,0.0549019607843137,0.1114551083591331,0.06109391124871,0.0980392156862745,0.0888544891640866,0.0198142414860681,0.0692466460268317,0.2487100103199174,0.0093395252837977,0.0115583075335397,80.75416666666668,0.9999484030751764
D22A105,2007,773,22. Dogu Karadeniz Havzasi,DEĞİRMEN D. SALIPAZARI,"36°49'19"" Doğu - 41°4'24"" Kuzey",41.073,36.822,63.899,74.5,971.0,30.8,72340000.0,2.783,2.303,28.525,0.685,30.907,80.958,6.028,50.2,26.7,10.3,15.6,11.1,26.7,6.5,11.1,18.1,13.8,110.0,42.2,0.94,0.725,0.6,1.0,1.56,1.88,0.895,0.295,0.138,0.052,0.069,0.063,4.12,3.52,1.44,2.87,3.78,5.42,1.79,1.09,0.491,0.58,0.853,1.68,55.2,47.2,19.4,38.6,50.7,72.7,24.1,14.6,6.6,7.78,11.5,22.5,148.0,122.0,51.9,103.0,123.0,195.0,62.4,39.2,17.1,20.8,30.7,58.4,11.0,9.12,3.86,7.7,9.14,14.5,4.65,2.92,1.27,1.55,2.28,4.35,110.0,0.052,2.302833333333333,47.76724325106753,0.0225808786277773,0.1524201853759011,0.1256436663233779,0.0534500514933058,0.1060762100926879,0.1266735324407827,0.2008238928939238,0.0642636457260556,0.0403707518022657,0.017610710607621,0.0214212152420185,0.0316168898043254,0.0601441812564366,80.95833333333333,0.9994853319608852
D22A105,2015,897,22. Dogu Karadeniz Havzasi,DEĞİRMEN D. SALIPAZARI,"36°49'19"" Doğu - 41°4'24"" Kuzey",41.073,36.822,63.899,74.5,1045.0,33.2,77880000.0,2.485,2.491,47.854,0.213,33.445,87.22,6.49,62.8,244.0,12.5,12.5,22.1,21.6,33.0,1.85,62.0,20.5,64.4,17.0,0.076,0.159,0.247,0.653,0.247,0.653,0.304,0.024,0.013,0.013,0.013,0.159,2.05,6.54,1.67,2.64,3.66,4.87,3.78,0.212,2.25,0.684,0.827,0.707,27.5,87.8,22.4,35.4,49.1,65.4,50.8,2.85,30.3,9.19,11.1,9.5,73.8,227.0,60.0,94.9,119.0,175.0,132.0,7.64,78.4,24.6,29.7,24.6,5.5,16.9,4.47,7.07,8.85,13.0,9.81,0.569,5.84,1.83,2.21,1.83,244.0,0.013,2.490833333333334,97.95918367346935,0.0052191368350618,0.0706220095693779,0.2172248803827751,0.0574162679425837,0.0908133971291866,0.1138755980861244,0.1674641148325359,0.1263157894736842,0.0073110047846889,0.075023923444976,0.0235406698564593,0.0284210526315789,0.0235406698564593,87.22000000000001,0.9984330810976076
D22A105,2013,867,22. Dogu Karadeniz Havzasi,DEĞİRMEN D. SALIPAZARI,"36°49'19"" Doğu - 41°4'24"" Kuzey",41.073,36.822,63.899,74.5,1181.0,37.5,87950000.0,2.581,2.789,39.007,0.45,37.43,98.392,7.329,6.2,116.0,23.9,18.8,14.5,14.9,36.8,4.27,22.4,20.2,183.0,7.11,0.076,0.36,0.82,1.01,1.12,0.895,0.278,0.149,0.149,0.098,0.22,0.22,0.472,6.18,4.56,6.02,3.0,2.95,2.0,0.287,0.446,1.4,5.26,0.889,6.33,83.0,61.2,80.8,40.3,39.6,26.8,3.85,5.98,18.7,70.7,11.9,17.0,215.0,164.0,216.0,97.4,106.0,69.4,10.3,15.5,50.2,189.0,30.9,1.26,16.0,12.2,16.1,7.26,7.9,5.17,0.768,1.15,3.74,14.1,2.3,183.0,0.076,2.7886666666666664,65.6227587855606,0.0272531675830743,0.0143945808636748,0.1820491109229466,0.1388653683319221,0.182895850973751,0.0824724809483488,0.0897544453852667,0.0587637595258255,0.0087214225232853,0.0131244707874682,0.042506350550381,0.1600338696020321,0.026164267569856,98.39166666666668,1.000254086558821
D22A105,2016,903,22. Dogu Karadeniz Havzasi,DEĞİRMEN D. SALIPAZARI,"36°49'19"" Doğu - 41°4'24"" Kuzey",41.073,36.822,63.899,74.5,1102.0,34.9,82090000.0,2.494,2.609,28.178,0.436,34.998,91.842,6.841,17.5,6.2,6.5,18.0,60.5,22.9,7.37,112.0,30.7,33.9,5.76,16.8,0.247,0.43,0.43,0.82,0.826,0.533,0.46,0.24,0.218,0.24,0.175,0.607,2.19,1.06,1.86,4.32,6.47,3.71,1.03,3.89,2.34,1.38,0.705,2.35,29.4,14.2,24.9,57.9,86.9,49.7,13.8,52.3,31.4,18.5,9.47,31.5,78.7,36.8,66.7,155.0,218.0,133.0,35.8,140.0,81.5,49.5,25.4,81.7,5.86,2.74,4.97,11.6,16.2,9.93,2.67,10.4,6.07,3.68,1.89,6.08,112.0,0.175,2.60875,42.93243890752276,0.0670819357930043,0.0714156079854809,0.0333938294010889,0.0605263157894736,0.1406533575317604,0.1978221415607985,0.1206896551724138,0.0324863883847549,0.1270417422867513,0.0739564428312159,0.0449183303085299,0.023049001814882,0.0741379310344827,91.84166666666664,0.9999092641321116
D22A105,2017,904,22. Dogu Karadeniz Havzasi,DEĞİRMEN D. SALIPAZARI,"36°49'19"" Doğu - 41°4'24"" Kuzey",41.073,36.822,63.899,74.5,911.0,28.9,67870000.0,2.47,2.171,14.58,0.552,29.151,75.935,5.656,6.08,25.5,29.4,16.3,21.2,14.9,7.69,13.4,20.1,1.42,15.8,3.17,0.196,0.46,1.27,1.27,0.973,0.973,0.607,0.313,0.24,0.109,0.109,0.109,1.36,2.12,4.12,3.91,5.55,3.32,1.62,1.72,1.32,0.242,0.501,0.271,18.3,28.4,55.3,52.5,74.5,44.5,21.8,23.1,17.8,3.24,6.73,3.64,49.0,73.7,148.0,141.0,180.0,119.0,56.5,61.8,46.1,8.68,18.0,9.44,3.65,5.49,11.0,10.5,13.4,8.89,4.21,4.61,3.43,0.647,1.34,0.703,29.4,0.109,2.171166666666667,13.541106931757117,0.0502034236585553,0.0537870472008781,0.080900109769484,0.1624588364434687,0.1547749725576289,0.1975850713501646,0.1306256860592755,0.062019758507135,0.0678375411635565,0.0506037321624588,0.0095279912184412,0.0197585071350164,0.0103622392974753,75.935,0.99975856543974
D22A105,2014,917,22. Dogu Karadeniz Havzasi,DEĞİRMEN D. SALIPAZARI,"36°49'19"" Doğu - 41°4'24"" Kuzey",41.073,36.822,63.899,74.5,654.0,20.7,48720000.0,2.487,1.536,36.529,0.167,20.606,54.508,4.06,81.7,7.1,8.2,4.35,7.8,9.8,12.5,20.0,9.0,13.9,149.0,115.0,0.159,0.119,0.36,0.203,0.203,0.304,0.076,0.076,0.119,0.024,0.06,0.304,3.67,0.445,2.03,0.747,0.83,2.06,1.28,1.28,0.894,0.626,2.36,2.21,49.3,5.97,27.2,10.0,11.1,27.6,17.2,17.2,12.0,8.4,31.7,29.6,132.0,15.5,72.9,26.9,26.9,73.9,44.6,46.0,31.1,22.5,85.0,76.8,9.83,1.15,5.43,2.0,2.01,5.5,3.33,3.42,2.32,1.68,6.33,5.72,149.0,0.024,1.5359999999999998,97.00520833333334,0.015625,0.2018348623853211,0.0237003058103975,0.1114678899082568,0.041131498470948,0.041131498470948,0.1129969418960244,0.0681957186544342,0.0703363914373088,0.0475535168195718,0.0344036697247706,0.1299694189602446,0.1174311926605504,54.50833333333333,0.9998471181776486
D22A105,2009,755,22. Dogu Karadeniz Havzasi,DEĞİRMEN D. SALIPAZARI,"36°49'19"" Doğu - 41°4'24"" Kuzey",41.073,36.822,63.899,74.5,1023.0,32.5,76250000.0,2.56,2.431,33.221,0.457,32.63,85.3,6.354,18.5,34.4,19.0,32.6,50.2,15.0,8.45,19.0,13.3,52.8,47.8,87.6,0.33,0.33,0.53,0.82,0.66,1.1,0.48,0.33,0.22,0.13,0.22,0.33,1.73,2.81,2.67,3.89,4.59,4.07,1.2,1.76,0.66,1.89,0.99,2.91,23.3,37.7,35.8,52.2,61.6,54.7,16.1,23.6,8.86,25.4,13.3,39.0,62.3,97.8,95.8,140.0,149.0,146.0,41.8,63.2,23.0,68.1,35.6,101.0,4.64,7.28,7.14,10.4,11.1,10.9,3.11,4.71,1.71,5.07,2.65,7.54,87.6,0.13,2.430833333333333,36.03702434007542,0.0534796023311621,0.0608993157380254,0.0956011730205278,0.0936461388074291,0.136852394916911,0.1456500488758553,0.1427174975562072,0.0408602150537634,0.0617790811339198,0.0224828934506353,0.0665689149560117,0.0347996089931573,0.0987292277614858,85.3,0.9994138335287224
D22A105,2006,813,22. Dogu Karadeniz Havzasi,DEĞİRMEN D. SALIPAZARI,"36°49'19"" Doğu - 41°4'24"" Kuzey",41.073,36.822,63.899,74.5,1566.0,49.7,116670000.0,2.945,3.718,38.649,0.521,49.9,130.658,9.722,28.5,33.1,4.05,11.1,18.7,15.2,22.0,7.52,170.0,110.0,35.0,8.62,0.22,0.22,0.42,1.0,1.14,1.0,0.54,0.375,0.11,0.54,0.09,0.6,2.05,3.84,1.17,2.34,5.97,3.37,2.43,1.61,6.46,11.2,2.67,1.5,27.5,51.6,15.8,31.4,80.2,45.3,32.6,21.6,86.7,150.0,35.9,20.2,73.6,134.0,42.2,84.2,194.0,121.0,84.6,57.9,225.0,403.0,96.1,52.3,5.49,9.96,3.15,6.27,14.4,9.04,6.3,4.31,16.7,30.0,7.16,3.89,170.0,0.09,3.7175,45.72965702757229,0.0242098184263618,0.0469987228607918,0.0855683269476372,0.0269476372924648,0.0537675606641123,0.123882503192848,0.0772669220945083,0.0540229885057471,0.0369731800766283,0.1436781609195402,0.2573435504469987,0.0613665389527458,0.033397190293742,130.65833333333333,0.9987881880221952
E22A053,2014,960,22. Dogu Karadeniz Havzasi,PAZARSUYU EMECAN,"38°10'32"" Doğu - 40°55'37"" Kuzey",40.927,38.176,64.216,770.7,438.0,13.9,337500000.0,16.031,10.693,35.437,5.991,13.872,36.517,28.125,86.5,7.65,23.8,11.4,13.5,35.0,39.4,41.2,62.2,11.4,24.7,68.5,4.52,4.71,4.71,4.91,4.91,5.33,13.0,6.92,6.92,4.52,4.52,6.92,11.1,5.08,8.8,7.18,6.96,17.5,19.3,13.8,13.9,5.11,7.09,12.5,14.3,6.59,11.4,9.32,9.04,22.7,25.1,17.9,18.1,6.63,9.19,16.2,38.4,17.1,30.6,25.0,21.9,60.7,65.0,48.1,46.9,17.8,24.6,42.1,29.6,13.2,23.6,19.2,16.8,46.8,50.1,37.0,36.1,13.7,19.0,32.4,86.5,4.52,10.693333333333332,8.089152119700747,0.4226932668329177,0.0876712328767123,0.0390410958904109,0.0698630136986301,0.0570776255707762,0.0499999999999999,0.1385844748858447,0.1484018264840182,0.1098173515981735,0.1070776255707762,0.0406392694063926,0.0561643835616438,0.0961187214611872,36.51666666666667,0.9995435874030122
E22A053,2018,937,22. Dogu Karadeniz Havzasi,PAZARSUYU EMECAN,"38°10'32"" Doğu - 40°55'37"" Kuzey",40.927,38.176,64.216,770.7,482.0,15.3,371700000.0,16.203,11.782,45.105,6.116,15.284,40.167,30.975,74.6,16.5,102.0,28.2,44.4,96.3,20.5,50.9,39.3,18.9,6.46,43.2,4.71,4.32,4.91,8.69,9.29,9.59,7.65,7.65,6.24,4.32,3.01,3.01,12.4,5.5,15.4,15.9,16.8,24.0,9.94,12.7,11.8,6.84,4.05,6.05,16.1,7.13,20.0,20.6,21.8,31.1,12.9,16.4,15.4,8.87,5.26,7.85,43.1,18.5,53.5,55.3,52.8,83.4,33.4,44.0,39.8,23.8,14.1,20.3,33.2,14.3,41.3,42.6,40.7,64.3,25.8,33.9,30.7,18.3,10.9,15.7,102.0,3.01,11.781666666666668,8.657518743811005,0.2554816805771678,0.0894190871369294,0.0383817427385892,0.1109958506224066,0.1147302904564315,0.1095435684647302,0.1730290456431535,0.0692946058091286,0.0912863070539419,0.0825726141078838,0.0493775933609958,0.029253112033195,0.0421161825726141,40.16666666666667,1.0
E22A053,2020,908,22. Dogu Karadeniz Havzasi,PAZARSUYU EMECAN,"38°10'32"" Doğu - 40°55'37"" Kuzey",40.927,38.176,64.216,770.7,532.0,16.8,410200000.0,15.993,12.981,60.408,6.356,16.844,44.325,34.183,29.2,89.2,33.8,35.5,94.4,58.1,34.3,69.2,18.9,24.7,228.0,9.6,4.13,3.74,3.93,5.33,10.2,13.8,9.89,9.29,4.71,4.71,3.27,3.27,8.05,8.38,7.53,9.2,22.3,29.1,19.3,25.5,8.33,6.59,7.17,4.32,10.4,10.9,9.77,11.9,29.0,37.8,25.0,33.1,10.8,8.55,9.3,5.61,28.0,28.2,26.2,32.0,72.6,101.0,64.9,88.7,28.0,22.9,24.9,14.5,21.6,21.7,20.2,24.6,56.0,78.1,50.0,68.3,21.6,17.7,19.2,11.2,228.0,3.27,12.980833333333337,17.56435770687552,0.2519098671117673,0.0526315789473684,0.0530075187969924,0.0492481203007518,0.0601503759398496,0.1364661654135338,0.1898496240601503,0.1219924812030075,0.1667293233082706,0.0526315789473684,0.0430451127819548,0.0468045112781954,0.0272556390977443,44.325,1.0001880052641474
E22A053,2015,926,22. Dogu Karadeniz Havzasi,PAZARSUYU EMECAN,"38°10'32"" Doğu - 40°55'37"" Kuzey",40.927,38.176,64.216,770.7,753.0,23.9,580270000.0,16.156,18.379,77.523,9.839,23.861,62.708,48.356,288.0,105.0,58.0,35.0,22.6,60.4,113.0,56.1,109.0,70.2,7.65,5.33,9.92,8.22,8.79,11.7,10.5,12.4,18.9,15.4,10.2,5.1,3.93,3.01,26.0,20.6,16.8,16.5,14.2,24.1,33.4,24.6,22.2,13.8,4.7,3.65,33.7,26.8,21.9,21.4,18.5,31.3,43.3,32.0,28.8,17.8,6.09,4.74,90.3,69.3,58.5,57.3,44.7,83.8,112.0,85.6,74.6,47.8,16.3,12.3,69.6,53.4,45.1,44.2,34.5,64.6,86.5,66.0,57.5,36.8,12.6,9.47,288.0,3.01,18.379166666666663,15.669916118793925,0.1637723872137837,0.1199203187250996,0.0920318725099601,0.0776892430278884,0.0760956175298804,0.0593625498007968,0.1112881806108897,0.148738379814077,0.1136786188579017,0.099070385126162,0.0634794156706507,0.0216467463479415,0.0163346613545816,62.70833333333332,1.0006644518272427
E22A053,2019,908,22. Dogu Karadeniz Havzasi,PAZARSUYU EMECAN,"38°10'32"" Doğu - 40°55'37"" Kuzey",40.927,38.176,64.216,770.7,589.0,18.7,454300000.0,16.124,14.391,43.292,7.478,18.681,49.15,37.858,100.0,44.6,45.3,33.7,18.9,28.7,69.3,83.5,30.3,26.1,22.9,16.2,3.93,4.32,9.07,8.79,8.09,9.59,9.89,10.2,8.69,7.49,5.55,4.13,9.7,9.53,13.5,17.1,11.7,15.8,32.3,28.4,11.8,9.32,7.62,5.92,12.6,12.4,17.5,22.2,15.2,20.5,41.9,36.9,15.3,12.1,9.89,7.68,33.7,32.1,46.8,59.4,36.7,54.9,109.0,98.8,39.6,32.4,26.5,19.9,26.0,24.7,36.1,45.8,28.3,42.3,83.7,76.2,30.5,25.0,20.4,15.3,100.0,3.93,14.390833333333331,6.948867913602409,0.2730905090045747,0.0572156196943972,0.0544991511035653,0.0794567062818336,0.1008488964346349,0.0623089983022071,0.0932088285229202,0.1850594227504244,0.1677419354838709,0.0672325976230899,0.0550084889643463,0.0449915110356536,0.0337860780984719,49.15,0.9986436080027128
E22A053,2013,890,22. Dogu Karadeniz Havzasi,PAZARSUYU EMECAN,"38°10'32"" Doğu - 40°55'37"" Kuzey",40.927,38.176,64.216,770.7,458.0,14.5,353300000.0,16.344,11.217,40.178,6.772,14.554,38.208,29.442,18.1,152.0,33.3,39.9,14.5,51.6,33.8,50.2,40.6,9.63,14.2,24.3,4.32,4.71,7.94,8.5,9.35,11.7,10.8,9.07,5.78,3.35,2.73,3.01,5.75,20.4,11.0,16.0,11.3,20.0,16.2,13.3,6.96,4.52,3.4,5.77,7.46,26.4,14.3,20.8,14.7,26.0,21.0,17.2,9.03,5.86,4.41,7.49,20.0,68.5,38.2,55.7,35.5,69.7,54.5,46.1,23.4,15.7,11.8,19.4,15.4,52.8,29.5,42.9,27.3,53.7,42.0,35.5,18.0,12.1,9.1,15.0,152.0,2.73,11.216666666666669,13.551263001485884,0.2433878157503714,0.0436681222707423,0.1495633187772925,0.0834061135371179,0.1216157205240174,0.0775109170305676,0.1521834061135371,0.1189956331877729,0.1006550218340611,0.0510917030567685,0.0342794759825327,0.0257641921397379,0.04235807860262,38.208333333333336,0.9989094874591058
E22A053,2017,935,22. Dogu Karadeniz Havzasi,PAZARSUYU EMECAN,"38°10'32"" Doğu - 40°55'37"" Kuzey",40.927,38.176,64.216,770.7,684.0,21.7,526900000.0,16.413,16.73,41.442,9.52,21.701,57.017,43.908,21.0,34.4,32.7,10.8,26.3,50.5,72.8,85.2,79.9,11.7,28.4,43.6,4.52,4.71,5.78,5.33,5.55,14.9,24.2,25.8,7.65,4.52,3.74,7.54,7.68,7.95,11.0,7.45,11.8,26.5,38.1,39.7,27.4,5.79,6.99,10.4,9.96,10.3,14.2,9.67,15.3,34.4,49.4,51.6,35.5,7.51,9.07,13.5,26.7,26.7,38.2,25.9,37.0,92.2,128.0,138.0,92.0,20.1,24.3,35.1,20.6,20.6,29.4,20.0,28.5,71.0,98.7,106.0,70.9,15.5,18.7,27.0,85.2,3.74,16.73,5.092647937836222,0.2235505080693365,0.0390350877192982,0.0390350877192982,0.0558479532163742,0.0378654970760233,0.0540935672514619,0.1347953216374269,0.1871345029239766,0.2017543859649122,0.1345029239766081,0.0293859649122807,0.0355263157894736,0.0513157894736842,57.01666666666667,0.9997076878105816
D14A117,2005,423,14. Yesilirmak Havzasi,ÇİLKORU D. GÖKDERE,"36°43'56"" Doğu - 40°29'21"" Kuzey",40.489,36.732,67.067,78.0,350.0,11.1,27320000.0,0.916,0.867,9.585,0.306,11.124,29.216,2.276,0.603,1.1,0.77,39.0,5.3,52.0,3.33,6.8,1.8,0.22,0.1,4.0,0.1,0.1,0.13,0.22,0.32,0.99,0.77,0.603,0.22,0.1,0.049,0.07,0.144,0.124,0.22,0.886,1.32,3.16,1.89,1.73,0.56,0.148,0.09,0.133,1.84,1.59,2.82,11.4,16.9,40.6,24.2,22.2,7.18,1.9,1.15,1.71,4.93,4.13,7.55,30.4,41.0,109.0,62.8,59.6,18.6,5.08,3.07,4.43,0.384,0.322,0.589,2.37,3.2,8.47,4.9,4.65,1.45,0.397,0.24,0.345,52.0,0.049,0.8670833333333334,59.97116770783277,0.0565112926477654,0.0140857142857142,0.0118,0.0215714285714285,0.0868571428571428,0.1171428571428571,0.3114285714285714,0.1794285714285714,0.1702857142857143,0.0531428571428571,0.0145142857142857,0.0087714285714285,0.0126571428571428,29.215833333333336,0.9983171225648192
D14A117,2016,518,14. Yesilirmak Havzasi,ÇİLKORU D. GÖKDERE,"36°43'56"" Doğu - 40°29'21"" Kuzey",40.489,36.732,67.067,78.0,172.0,5.4,13420000.0,0.613,0.428,1.669,0.166,5.473,14.327,1.118,0.13,0.13,4.2,0.4,3.8,5.2,1.12,1.8,2.4,0.59,0.13,0.13,0.07,0.07,0.049,0.01,0.26,0.59,0.4,0.26,0.1,0.049,0.07,0.07,0.099,0.1,0.199,0.159,1.18,1.37,0.675,0.639,0.373,0.152,0.096,0.09,1.27,1.28,2.56,2.03,15.1,17.5,8.65,8.19,4.78,1.94,1.23,1.15,3.4,3.32,6.85,5.45,37.8,46.9,22.4,21.9,12.4,5.21,3.3,2.99,0.265,0.259,0.534,0.425,2.95,3.66,1.75,1.71,0.967,0.406,0.257,0.233,5.2,0.01,0.4276666666666667,12.15900233826968,0.0233826968043647,0.0197674418604651,0.0193023255813953,0.0398255813953488,0.0316860465116279,0.2197674418604651,0.2726744186046511,0.1302325581395348,0.1273255813953488,0.0720930232558139,0.0302906976744186,0.0191860465116279,0.0173837209302325,14.32666666666667,1.0004653327128894
D14A117,2017,519,14. Yesilirmak Havzasi,ÇİLKORU D. GÖKDERE,"36°43'56"" Doğu - 40°29'21"" Kuzey",40.489,36.732,67.067,78.0,131.0,4.1,10200000.0,0.59,0.324,1.22,0.175,4.163,10.892,0.85,0.13,0.22,0.26,0.26,1.65,2.8,2.4,0.81,5.53,0.35,0.13,0.1,0.07,0.1,0.019,0.07,0.049,0.52,0.46,0.35,0.3,0.07,0.07,0.019,0.099,0.106,0.101,0.112,0.322,0.936,0.792,0.461,0.666,0.148,0.092,0.059,1.27,1.36,1.29,1.43,4.12,12.0,10.2,5.91,8.54,1.9,1.18,0.751,3.4,3.52,3.46,3.83,9.97,32.1,26.3,15.8,22.1,5.1,3.17,1.95,0.265,0.275,0.27,0.299,0.778,2.51,2.05,1.23,1.73,0.397,0.247,0.152,5.53,0.019,0.3245,17.04160246533128,0.0585516178736517,0.0259541984732824,0.0268702290076335,0.026412213740458,0.029236641221374,0.0761068702290076,0.2450381679389313,0.2007633587786259,0.1206106870229007,0.1687022900763359,0.0389312977099236,0.0241984732824427,0.0148854961832061,10.891666666666664,1.0022953328232598
D14A117,2015,516,14. Yesilirmak Havzasi,ÇİLKORU D. GÖKDERE,"36°43'56"" Doğu - 40°29'21"" Kuzey",40.489,36.732,67.067,78.0,240.0,7.6,18690000.0,0.605,0.596,3.03,0.272,7.654,19.983,1.558,0.17,4.2,2.25,2.1,5.53,12.6,7.48,0.66,0.81,0.3,0.13,0.13,0.07,0.07,0.17,0.3,0.22,1.24,0.66,0.22,0.13,0.07,0.049,0.07,0.072,0.234,0.493,0.561,1.11,2.18,1.5,0.394,0.284,0.16,0.085,0.085,0.922,3.0,6.32,7.2,14.3,27.9,19.3,5.05,3.64,2.05,1.08,1.09,2.47,7.79,16.9,19.3,34.5,74.8,49.9,13.5,9.43,5.49,2.9,2.82,0.193,0.607,1.32,1.5,2.69,5.83,3.89,1.05,0.735,0.429,0.226,0.22,12.6,0.049,0.5965,21.123218776194467,0.0821458507963118,0.0102916666666666,0.0324583333333333,0.0704166666666666,0.0804166666666666,0.14375,0.3116666666666666,0.2079166666666666,0.05625,0.0392916666666666,0.022875,0.0120833333333333,0.01175,19.98333333333333,1.000834028356964
D14A117,2010,459,14. Yesilirmak Havzasi,ÇİLKORU D. GÖKDERE,"36°43'56"" Doğu - 40°29'21"" Kuzey",40.489,36.732,67.067,78.0,250.0,7.9,19540000.0,0.895,0.626,2.73,0.319,8.016,20.872,1.628,0.22,1.95,0.905,5.53,12.2,4.95,3.8,1.12,1.53,0.3,0.13,0.13,0.13,0.13,0.26,0.52,0.905,0.59,0.52,0.35,0.22,0.1,0.049,0.049,0.139,0.467,0.431,1.12,1.48,1.31,1.26,0.582,0.422,0.156,0.069,0.075,1.78,5.98,5.53,14.4,19.0,16.7,16.1,7.46,5.4,2.0,0.883,0.956,4.77,15.5,14.8,38.6,46.0,44.8,41.8,20.0,14.0,5.36,2.36,2.48,0.372,1.21,1.16,3.01,3.58,3.5,3.26,1.56,1.09,0.418,0.184,0.193,12.2,0.049,0.6259166666666666,19.491412594860872,0.0782851817334576,0.01908,0.062,0.0592,0.1544,0.184,0.1792,0.1672,0.08,0.056,0.02144,0.0094399999999999,0.00992,20.8725,0.9981235277677968
D14A117,2011,478,14. Yesilirmak Havzasi,ÇİLKORU D. GÖKDERE,"36°43'56"" Doğu - 40°29'21"" Kuzey",40.489,36.732,67.067,78.0,197.0,6.2,15330000.0,0.885,0.485,1.402,0.149,6.224,16.387,1.277,0.436,0.222,0.0,3.09,1.37,9.9,0.0,0.0,0.581,0.363,0.726,0.131,0.096,0.128,0.175,0.175,0.316,0.508,0.0,0.0,0.175,0.071,0.071,0.07,0.152,0.167,0.545,0.379,0.506,1.6,1.01,0.788,0.302,0.161,0.12,0.093,1.95,2.14,6.98,4.86,6.48,20.5,13.0,10.1,3.88,2.07,1.53,1.2,5.23,5.56,18.7,13.0,15.7,54.9,33.7,27.1,10.0,5.54,4.11,3.1,0.408,0.433,1.46,1.01,1.22,4.28,2.63,2.11,0.784,0.432,0.32,0.242,9.9,0.0,0.4852499999999999,20.40185471406492,0.0,0.0265482233502538,0.0282233502538071,0.0949238578680203,0.065989847715736,0.0796954314720812,0.2786802030456852,0.1710659898477157,0.1375634517766497,0.0507614213197969,0.0281218274111675,0.0208629441624365,0.015736040609137,16.386666666666667,1.0018307567127749
D14A117,2014,499,14. Yesilirmak Havzasi,ÇİLKORU D. GÖKDERE,"36°43'56"" Doğu - 40°29'21"" Kuzey",40.489,36.732,67.067,78.0,42.0,1.3,3290000.0,0.606,0.104,0.235,0.073,1.34,3.518,0.274,0.17,0.17,0.13,0.13,0.17,0.13,0.22,0.3,0.735,0.1,0.3,0.26,0.07,0.1,0.07,0.1,0.1,0.07,0.1,0.13,0.019,0.049,0.019,0.049,0.098,0.118,0.101,0.1,0.11,0.095,0.144,0.182,0.13,0.063,0.042,0.071,1.26,1.51,1.29,1.28,1.41,1.22,1.85,2.33,1.67,0.809,0.541,0.91,3.37,3.92,3.47,3.43,3.4,3.27,4.8,6.25,4.33,2.17,1.45,2.36,0.263,0.306,0.27,0.268,0.265,0.255,0.374,0.487,0.338,0.169,0.113,0.184,0.735,0.019,0.1044999999999999,7.033492822966508,0.1818181818181818,0.0802380952380952,0.0933333333333333,0.0826190476190476,0.0816666666666666,0.0809523809523809,0.0778571428571428,0.1142857142857142,0.1488095238095238,0.1030952380952381,0.0516666666666666,0.0345238095238095,0.0561904761904761,3.518333333333334,0.9947891994315488
D14A117,2020,475,14. Yesilirmak Havzasi,ÇİLKORU D. GÖKDERE,"36°43'56"" Doğu - 40°29'21"" Kuzey",40.489,36.732,67.067,78.0,127.0,4.0,9910000.0,0.572,0.314,0.815,0.149,4.032,10.597,0.826,0.13,0.17,0.22,0.22,3.6,2.4,1.12,0.735,0.735,0.22,0.13,0.1,0.049,0.1,0.1,0.049,0.07,0.735,0.26,0.13,0.1,0.13,0.032,0.032,0.077,0.115,0.131,0.071,0.68,1.33,0.505,0.31,0.235,0.167,0.085,0.065,0.988,1.47,1.68,0.912,8.71,17.1,6.47,3.98,3.01,2.14,1.09,0.835,2.65,3.82,4.51,2.44,21.8,45.8,16.8,10.7,7.81,5.74,2.93,2.16,0.206,0.298,0.352,0.191,1.7,3.57,1.31,0.832,0.609,0.448,0.228,0.169,3.6,0.032,0.31425,11.45584725536993,0.101829753381066,0.0208661417322834,0.0300787401574803,0.035511811023622,0.0192125984251968,0.1716535433070866,0.3606299212598425,0.1322834645669291,0.084251968503937,0.0614960629921259,0.0451968503937007,0.0230708661417322,0.017007874015748,10.596666666666666,0.9987417426863794
D14A117,2013,530,14. Yesilirmak Havzasi,ÇİLKORU D. GÖKDERE,"36°43'56"" Doğu - 40°29'21"" Kuzey",40.489,36.732,67.067,78.0,174.0,5.5,13530000.0,0.625,0.431,1.936,0.208,5.523,14.465,1.128,0.46,2.25,3.4,2.25,1.53,4.2,7.15,0.66,0.81,0.22,0.13,0.17,0.07,0.1,0.13,0.17,0.46,0.52,0.46,0.22,0.13,0.1,0.07,0.07,0.102,0.225,0.549,0.624,0.683,1.03,0.996,0.458,0.189,0.134,0.098,0.08,1.31,2.88,7.04,8.0,8.75,13.2,12.8,5.87,2.42,1.72,1.26,1.03,3.5,7.48,18.9,21.4,21.2,35.4,33.1,15.7,6.27,4.6,3.37,2.66,0.273,0.583,1.47,1.67,1.65,2.76,2.58,1.23,0.489,0.359,0.263,0.207,7.15,0.07,0.4306666666666667,16.602167182662537,0.1625386996904025,0.0201149425287356,0.0429885057471264,0.1086206896551724,0.1229885057471264,0.1218390804597701,0.2034482758620689,0.1902298850574712,0.0902298850574712,0.0360344827586206,0.0264367816091954,0.019367816091954,0.015287356321839,14.464999999999998,1.0024196335983409
D14A117,2018,505,14. Yesilirmak Havzasi,ÇİLKORU D. GÖKDERE,"36°43'56"" Doğu - 40°29'21"" Kuzey",40.489,36.732,67.067,78.0,140.0,4.4,10920000.0,0.582,0.347,2.004,0.165,4.452,11.659,0.91,0.22,0.13,1.24,4.7,4.0,6.18,1.24,1.12,4.7,0.26,0.13,0.13,0.032,0.07,0.07,0.17,0.35,0.59,0.22,0.17,0.07,0.07,0.07,0.1,0.097,0.099,0.143,0.501,0.605,1.25,0.439,0.348,0.329,0.143,0.108,0.107,1.24,1.27,1.84,6.42,7.76,16.0,5.63,4.46,4.22,1.83,1.38,1.37,3.33,3.29,4.92,17.2,18.8,42.8,14.6,11.9,10.9,4.91,3.7,3.56,0.259,0.257,0.384,1.34,1.46,3.34,1.14,0.932,0.854,0.383,0.289,0.277,6.18,0.032,0.3474166666666666,17.788438474454306,0.0921084192852002,0.0237857142857142,0.0235,0.0351428571428571,0.1228571428571428,0.1342857142857142,0.3057142857142857,0.1042857142857142,0.085,0.0778571428571428,0.0350714285714285,0.0264285714285714,0.0254285714285714,11.659166666666666,1.0006432706740047
D14A117,2013,529,14. Yesilirmak Havzasi,ÇİLKORU D. GÖKDERE,"36°43'56"" Doğu - 40°29'21"" Kuzey",40.489,36.732,67.067,78.0,187.0,5.9,14620000.0,0.625,0.463,1.395,0.186,5.942,15.609,1.218,0.17,0.17,0.131,0.17,0.863,4.47,7.61,1.57,1.1,0.225,0.131,0.131,0.0,0.098,0.098,0.098,0.098,0.336,0.697,0.447,0.17,0.07,0.07,0.048,0.098,0.098,0.1,0.113,0.163,1.31,2.38,0.622,0.373,0.127,0.092,0.085,1.26,1.26,1.28,1.45,2.09,16.8,30.5,7.98,4.79,1.62,1.18,1.09,3.37,3.26,3.44,3.88,5.24,45.0,79.0,21.4,12.4,4.35,3.15,2.82,0.262,0.254,0.268,0.303,0.409,3.51,6.17,1.67,0.968,0.339,0.246,0.22,7.61,0.0,0.4634166666666666,16.42150692321525,0.0,0.0180213903743315,0.0174331550802139,0.0183957219251336,0.0207486631016042,0.0280213903743315,0.2406417112299465,0.4224598930481283,0.1144385026737967,0.0663101604278074,0.0232620320855614,0.0168449197860962,0.0150802139037433,15.609166666666669,0.9983449895894506
E14A027,2015,556,14. Yesilirmak Havzasi,KELKİT ÇAYI YEMİŞLI KÖPRÜSÜ,"37°58'23"" Doğu - 40°14'13"" Kuzey",40.237,37.973,72.108,8572.8,33.0,1.0,280860000.0,44.504,8.844,46.737,1.478,1.033,2.728,23.405,1.72,1.55,3.25,27.6,5.24,74.4,8.18,204.0,94.3,31.8,30.0,78.8,0.621,0.905,1.29,0.78,1.89,2.13,1.37,1.89,2.6,2.13,2.13,0.0,0.979,0.971,1.84,3.08,2.27,24.6,2.86,32.1,20.1,4.58,3.6,9.15,0.114,0.113,0.215,0.359,0.265,2.87,0.334,3.75,2.35,0.535,0.42,1.07,0.306,0.294,0.575,0.961,0.64,7.69,0.866,10.0,6.08,1.43,1.12,2.77,2.62,2.52,4.93,8.24,5.49,65.9,7.42,86.0,52.1,12.3,9.64,23.7,204.0,0.0,8.844166666666668,23.066051069443134,0.0,0.0092727272727272,0.0089090909090909,0.0174242424242424,0.0291212121212121,0.0193939393939393,0.233030303030303,0.0262424242424242,0.303030303030303,0.1842424242424242,0.0433333333333333,0.0339393939393939,0.0839393939393939,2.7276666666666665,1.0081877062202127
E14A027,2020,533,14. Yesilirmak Havzasi,KELKİT ÇAYI YEMİŞLI KÖPRÜSÜ,"37°58'23"" Doğu - 40°14'13"" Kuzey",40.237,37.973,72.108,8572.8,77.0,2.4,662650000.0,39.414,20.989,39.314,6.781,2.448,6.452,55.221,67.9,74.4,76.6,82.2,84.6,60.6,4.28,9.35,2.72,3.08,3.08,2.96,21.6,22.1,2.74,3.67,17.4,2.49,2.25,2.13,1.8,2.01,1.72,1.46,54.6,51.3,33.8,27.8,37.9,30.4,3.25,2.87,2.42,2.63,2.42,2.48,6.37,5.98,3.94,3.25,4.42,3.54,0.38,0.335,0.282,0.307,0.282,0.289,17.1,15.5,10.6,8.7,11.1,9.49,0.984,0.898,0.73,0.822,0.755,0.75,146.0,133.0,90.5,74.6,94.9,81.3,8.43,7.7,6.26,7.05,6.48,6.43,84.6,1.46,20.989166666666662,4.030650732520745,0.0695596934926748,0.2220779220779221,0.2012987012987013,0.1376623376623376,0.1129870129870129,0.1441558441558441,0.1232467532467532,0.0127792207792207,0.0116623376623376,0.0094805194805194,0.0106753246753246,0.0098051948051948,0.0097402597402597,6.452416666666667,0.9944594402614008
E14A027,2016,557,14. Yesilirmak Havzasi,KELKİT ÇAYI YEMİŞLI KÖPRÜSÜ,"37°58'23"" Doğu - 40°14'13"" Kuzey",40.237,37.973,72.108,8572.8,73.0,2.3,629560000.0,45.121,19.858,70.619,2.423,2.318,6.12,52.463,65.8,56.8,71.1,99.5,75.5,25.4,73.3,160.0,117.0,9.93,81.0,12.1,2.84,2.84,1.2,0.905,1.72,2.25,2.13,3.25,2.84,3.77,2.25,3.08,5.47,12.3,25.6,2.81,5.82,3.0,31.5,75.2,44.6,4.36,23.2,4.44,0.638,1.44,2.99,0.328,0.678,0.35,3.68,8.77,5.2,0.509,2.71,0.518,1.71,3.73,8.0,0.877,1.7,0.937,9.53,23.5,13.5,1.36,7.26,1.34,14.6,32.0,68.6,7.52,14.6,8.04,81.7,201.0,116.0,11.7,62.3,11.5,160.0,0.905,19.85833333333333,8.057070919009652,0.0455728073856483,0.0234246575342465,0.0510958904109589,0.1095890410958904,0.0120136986301369,0.0232876712328767,0.0128356164383561,0.1305479452054794,0.3219178082191781,0.184931506849315,0.0186301369863013,0.0994520547945205,0.0183561643835616,6.120333333333335,0.9939545776373834
E14A027,2013,566,14. Yesilirmak Havzasi,KELKİT ÇAYI YEMİŞLI KÖPRÜSÜ,"37°58'23"" Doğu - 40°14'13"" Kuzey",40.237,37.973,72.108,8572.8,17.0,0.5,148580000.0,46.911,4.746,23.969,1.689,0.554,1.444,12.382,2.52,31.3,7.86,43.0,50.0,7.12,29.5,25.2,43.0,37.1,6.14,4.89,1.04,1.24,1.58,1.31,1.38,1.68,1.78,3.48,1.88,1.24,1.78,1.88,1.42,3.81,2.37,4.68,7.71,3.49,6.21,5.08,8.37,6.01,3.92,3.88,0.165,0.445,0.277,0.546,0.9,0.407,0.724,0.593,0.976,0.701,0.457,0.452,0.443,1.15,0.741,1.46,2.18,1.09,1.88,1.59,2.53,1.88,1.22,1.17,3.79,9.89,6.35,12.5,18.7,9.35,16.1,13.6,21.7,16.1,10.5,10.0,50.0,1.04,4.745833333333334,10.535557506584723,0.2191395961369622,0.0260588235294117,0.0676470588235294,0.0435882352941176,0.0858823529411764,0.128235294117647,0.0641176470588235,0.1105882352941176,0.0935294117647058,0.1488235294117647,0.1105882352941176,0.0717647058823529,0.0688235294117647,1.4444999999999997,0.9807315103265262
E14A027,2017,562,14. Yesilirmak Havzasi,KELKİT ÇAYI YEMİŞLI KÖPRÜSÜ,"37°58'23"" Doğu - 40°14'13"" Kuzey",40.237,37.973,72.108,8572.8,25.0,0.8,211060000.0,42.77,6.658,37.174,2.285,0.778,2.05,17.588,7.23,5.07,96.9,83.4,90.6,3.98,41.0,41.0,4.34,4.89,3.98,63.7,3.27,1.7,1.79,1.79,2.61,1.36,1.89,1.5,2.88,2.61,3.01,3.01,4.46,2.91,30.1,5.11,7.09,2.17,3.18,7.94,3.57,3.46,3.52,6.39,0.521,0.339,3.52,0.596,0.828,0.253,0.371,0.927,0.416,0.404,0.411,0.745,1.39,0.879,9.42,1.6,2.0,0.678,0.962,2.48,1.08,1.08,1.1,1.93,12.0,7.53,80.7,13.7,17.2,5.81,8.25,21.3,9.25,9.28,9.44,16.6,96.9,1.36,6.658333333333332,14.553191489361703,0.2042553191489362,0.0556,0.03516,0.3768,0.064,0.08,0.02712,0.03848,0.0992,0.0432,0.0432,0.044,0.0771999999999999,2.049916666666667,1.0163014756697426
E14A027,2019,524,14. Yesilirmak Havzasi,KELKİT ÇAYI YEMİŞLI KÖPRÜSÜ,"37°58'23"" Doğu - 40°14'13"" Kuzey",40.237,37.973,72.108,8572.8,45.0,1.4,387330000.0,39.887,12.294,36.259,5.872,1.434,3.758,32.278,24.3,57.7,70.0,81.0,5.61,5.07,5.25,60.6,27.6,3.98,17.4,76.6,1.43,2.38,2.74,1.99,2.09,1.89,2.88,2.09,1.7,2.09,2.19,47.0,10.1,20.3,16.3,17.2,3.16,3.6,3.62,4.46,3.6,3.41,4.78,57.0,1.18,2.37,1.9,2.0,0.368,0.42,0.422,0.521,0.42,0.398,0.557,6.65,3.15,6.14,5.1,5.37,0.891,1.13,1.09,1.39,1.09,1.06,1.49,17.2,27.0,52.7,43.7,46.0,7.64,9.64,9.38,12.0,9.34,9.13,12.8,148.0,81.0,1.43,12.294166666666664,6.588490476513253,0.1163153256964685,0.0699999999999999,0.1364444444444444,0.1133333333333333,0.1193333333333333,0.0198,0.0251111111111111,0.0242222222222222,0.0308888888888888,0.0242222222222222,0.0235555555555555,0.0331111111111111,0.3822222222222222,3.758416666666666,0.9977605818052816
E14A027,2018,552,14. Yesilirmak Havzasi,KELKİT ÇAYI YEMİŞLI KÖPRÜSÜ,"37°58'23"" Doğu - 40°14'13"" Kuzey",40.237,37.973,72.108,8572.8,13.0,0.4,113230000.0,40.614,3.577,11.726,2.007,0.418,1.102,9.436,3.67,3.67,14.6,3.27,3.98,12.6,4.52,4.34,3.67,77.7,3.98,4.71,2.74,1.36,1.79,1.7,2.38,2.48,1.3,1.3,1.43,2.61,2.38,2.61,3.15,2.66,3.19,2.53,2.91,4.0,2.86,1.92,2.28,10.6,3.4,3.42,0.368,0.311,0.373,0.295,0.339,0.466,0.333,0.224,0.265,1.24,0.397,0.399,0.985,0.805,0.998,0.789,0.82,1.25,0.864,0.599,0.688,3.32,1.06,1.04,8.44,6.9,8.55,6.77,7.03,10.7,7.41,5.14,5.9,28.4,9.11,8.88,77.7,1.3,3.5766666666666667,21.724137931034484,0.3634669151910531,0.0757692307692307,0.0619230769230769,0.0767692307692307,0.0606923076923077,0.063076923076923,0.0961538461538461,0.0664615384615384,0.046076923076923,0.0529230769230769,0.2553846153846154,0.0815384615384615,0.08,1.1015,0.9835073384778332
E14A027,2014,536,14. Yesilirmak Havzasi,KELKİT ÇAYI YEMİŞLI KÖPRÜSÜ,"37°58'23"" Doğu - 40°14'13"" Kuzey",40.237,37.973,72.108,8572.8,11.0,0.4,96990000.0,45.583,3.074,25.178,1.435,0.358,0.942,8.082,3.75,59.4,83.4,42.7,74.4,2.49,2.25,18.2,2.6,2.6,6.58,3.77,1.68,1.58,2.25,1.8,1.03,0.905,1.12,1.37,1.72,1.63,1.29,0.842,2.92,7.78,6.94,2.49,2.57,1.56,1.56,2.83,2.09,2.0,2.25,1.9,0.34,0.908,0.81,0.29,0.3,0.182,0.182,0.33,0.243,0.233,0.262,0.221,0.911,2.35,2.17,0.777,0.725,0.486,0.472,0.885,0.631,0.624,0.702,0.574,7.81,20.2,18.6,6.66,6.22,4.17,4.04,7.59,5.41,5.35,6.02,4.92,83.4,0.842,3.0741666666666663,27.129303334236926,0.2738953645974519,0.0828181818181818,0.2136363636363636,0.1972727272727272,0.0706363636363636,0.0659090909090909,0.0441818181818181,0.0429090909090909,0.0804545454545454,0.0573636363636363,0.0567272727272727,0.0638181818181818,0.0521818181818181,0.94225,0.972848677810206
E14A027,2012,568,14. Yesilirmak Havzasi,KELKİT ÇAYI YEMİŞLI KÖPRÜSÜ,"37°58'23"" Doğu - 40°14'13"" Kuzey",40.237,37.973,72.108,8572.8,14.0,0.5,123990000.0,35.754,3.925,22.788,1.478,0.458,1.204,10.332,1.83,38.6,4.22,62.0,35.7,13.9,17.7,28.8,12.1,39.3,14.3,5.0,1.74,1.56,1.47,1.39,1.47,1.39,1.65,2.03,1.83,1.56,1.65,0.0,1.74,3.3,1.86,9.4,7.22,2.0,2.53,6.79,3.85,3.94,2.32,2.15,0.203,0.385,0.217,1.1,0.843,0.233,0.295,0.792,0.449,0.46,0.271,0.25,0.545,0.998,0.58,2.94,2.11,0.625,0.766,2.12,1.16,1.23,0.725,0.649,4.67,8.56,4.97,25.2,18.1,5.35,6.56,18.2,9.99,10.6,6.22,5.57,62.0,0.0,3.925,15.796178343949045,0.0,0.0389285714285714,0.0712857142857142,0.0414285714285714,0.21,0.1507142857142857,0.0446428571428571,0.0547142857142857,0.1514285714285714,0.0828571428571428,0.0878571428571428,0.0517857142857142,0.0463571428571428,1.204,0.9689922480620154
D22A106,2017,905,22. Dogu Karadeniz Havzasi,BATLAMA D. ÇUKURKÖY,"38°18'30"" Doğu - 40°50'36"" Kuzey",40.843,38.308,73.059,122.0,880.0,27.9,107360000.0,3.228,3.415,11.222,1.634,27.992,73.317,8.947,12.1,14.1,14.7,4.1,11.5,11.0,9.5,19.1,21.1,3.85,6.81,6.81,0.97,1.13,2.26,1.81,2.11,3.1,3.1,1.96,1.52,0.649,0.523,0.478,2.98,3.09,4.24,2.57,4.52,5.53,4.89,4.83,4.44,1.3,1.29,1.3,24.4,25.3,34.8,21.1,37.0,45.3,40.1,39.6,36.4,10.7,10.5,10.7,65.4,65.6,93.2,56.4,89.6,121.0,104.0,106.0,94.3,28.5,28.2,27.6,7.98,8.01,11.4,6.88,10.9,14.8,12.7,12.9,11.5,3.48,3.44,3.37,21.1,0.478,3.414999999999999,6.178623718887264,0.1399707174231332,0.0743181818181818,0.0745454545454545,0.1059090909090909,0.064090909090909,0.1018181818181818,0.1375,0.1181818181818181,0.1204545454545454,0.1071590909090909,0.0323863636363636,0.0320454545454545,0.0313636363636363,73.31666666666666,1.000227324391907
D22A106,2018,909,22. Dogu Karadeniz Havzasi,BATLAMA D. ÇUKURKÖY,"38°18'30"" Doğu - 40°50'36"" Kuzey",40.843,38.308,73.059,122.0,730.0,23.2,89050000.0,3.188,2.827,16.633,1.14,23.172,60.883,7.421,25.8,3.1,22.4,10.0,11.0,22.4,7.9,21.8,17.3,4.6,28.1,25.2,0.889,0.889,0.889,1.67,1.67,2.41,0.97,1.13,1.21,0.729,0.649,0.569,2.78,0.985,3.68,4.16,4.07,4.81,1.75,3.26,3.16,1.46,1.37,2.44,22.8,8.07,30.1,34.1,33.4,39.4,14.4,26.7,25.9,12.0,11.2,20.0,61.0,20.9,80.7,91.4,80.8,106.0,37.2,71.5,67.1,32.1,30.0,51.9,7.45,2.55,9.85,11.1,9.86,12.9,4.54,8.72,8.18,3.91,3.66,6.33,28.1,0.569,2.827083333333333,9.939572586588064,0.2012675018422992,0.0835616438356164,0.0286301369863013,0.1105479452054794,0.1252054794520548,0.1106849315068493,0.1452054794520547,0.050958904109589,0.097945205479452,0.091917808219178,0.043972602739726,0.0410958904109589,0.0710958904109589,60.88333333333333,0.9991787571858746
D22A106,2009,756,22. Dogu Karadeniz Havzasi,BATLAMA D. ÇUKURKÖY,"38°18'30"" Doğu - 40°50'36"" Kuzey",40.843,38.308,73.059,122.0,740.0,23.4,90230000.0,3.039,2.852,22.858,0.774,23.379,61.575,7.519,14.7,13.3,15.1,14.2,6.75,13.8,8.1,9.89,21.2,113.0,2.26,42.0,0.861,0.347,0.782,1.14,1.04,2.38,1.39,0.347,0.268,0.198,0.268,0.268,2.03,1.6,2.0,3.27,2.47,5.1,3.06,2.36,0.819,5.51,0.701,5.31,16.6,13.1,16.4,26.8,20.2,41.8,25.1,19.4,6.71,45.2,5.74,43.5,44.5,33.9,43.9,71.9,49.0,112.0,65.0,51.9,17.4,121.0,15.4,113.0,5.43,4.14,5.36,8.77,5.97,13.7,7.93,6.33,2.12,14.8,1.88,13.8,113.0,0.198,2.8525,39.614373356704654,0.0694127957931639,0.0601351351351351,0.0458108108108108,0.0593243243243243,0.0971621621621621,0.0662162162162162,0.1513513513513513,0.0878378378378378,0.0701351351351351,0.0235135135135135,0.1635135135135135,0.0208108108108108,0.1527027027027027,61.575,1.001488699418054
D22A106,2015,898,22. Dogu Karadeniz Havzasi,BATLAMA D. ÇUKURKÖY,"38°18'30"" Doğu - 40°50'36"" Kuzey",40.843,38.308,73.059,122.0,949.0,30.1,115810000.0,3.106,3.67,20.112,0.977,30.082,79.133,9.651,62.8,31.6,19.1,12.4,6.04,13.0,19.1,19.8,40.1,12.6,2.7,2.11,1.04,0.527,0.668,1.18,1.18,1.43,3.0,0.41,0.006,0.911,0.686,0.686,4.13,4.74,3.4,4.17,2.68,5.37,6.34,2.48,6.24,2.86,0.895,0.737,33.8,38.8,27.9,34.2,22.0,44.0,52.0,20.3,51.1,23.5,7.34,6.04,90.6,101.0,74.6,91.5,53.2,118.0,135.0,54.5,133.0,62.8,19.7,15.7,11.1,12.3,9.11,11.2,6.48,14.4,16.4,6.65,16.2,7.66,2.4,1.91,62.8,0.006,3.6701666666666672,17.110939557694923,0.0016348031424549,0.0954689146469968,0.1064278187565858,0.078609062170706,0.0964172813487882,0.056059009483667,0.1243414120126448,0.1422550052687039,0.0574288724973656,0.1401475237091675,0.0661749209694415,0.020758693361433,0.0165437302423603,79.13333333333334,0.9993681550126368
D22A106,2019,877,22. Dogu Karadeniz Havzasi,BATLAMA D. ÇUKURKÖY,"38°18'30"" Doğu - 40°50'36"" Kuzey",40.843,38.308,73.059,122.0,964.0,30.6,117650000.0,3.237,3.723,16.5,1.578,30.525,80.375,9.804,34.4,17.9,18.5,11.5,5.1,13.6,20.4,16.0,13.1,7.9,26.5,13.1,0.97,0.97,2.55,2.55,1.96,2.11,2.26,1.29,1.29,0.97,0.97,1.05,3.71,3.59,5.23,5.37,2.89,4.4,7.1,3.5,1.92,1.75,2.95,2.26,30.4,29.5,42.9,44.0,23.7,36.1,58.2,28.7,15.8,14.3,24.2,18.5,81.4,76.4,115.0,118.0,57.2,96.6,151.0,76.9,40.9,38.3,64.8,48.0,9.93,9.32,14.0,14.4,6.98,11.8,18.4,9.38,4.99,4.68,7.91,5.86,34.4,0.97,3.7225000000000006,9.24110141034251,0.2605775688381463,0.0844398340248962,0.079253112033195,0.1192946058091286,0.1224066390041493,0.0593360995850622,0.100207468879668,0.1566390041493776,0.0797717842323651,0.0424273858921161,0.0397302904564315,0.0672199170124481,0.0497925311203319,80.37499999999999,0.999481596682219
D22A106,2005,694,22. Dogu Karadeniz Havzasi,BATLAMA D. ÇUKURKÖY,"38°18'30"" Doğu - 40°50'36"" Kuzey",40.843,38.308,73.059,122.0,1067.0,33.8,130160000.0,4.127,4.144,17.895,1.262,34.049,88.9,10.847,4.6,1.6,33.0,13.0,6.2,30.4,80.9,10.9,17.2,3.28,10.9,2.76,0.706,0.91,1.6,1.2,1.6,1.2,3.28,1.03,0.536,1.14,0.968,0.968,1.29,1.32,3.74,2.54,3.28,6.19,22.6,2.97,1.95,1.52,1.19,1.14,10.6,10.8,30.7,20.8,26.9,50.8,186.0,24.4,16.0,12.5,9.78,9.31,28.3,28.1,82.2,55.7,65.0,136.0,481.0,65.3,41.5,33.4,26.2,24.1,3.45,3.43,10.0,6.8,7.93,16.6,58.7,7.97,5.06,4.08,3.2,2.94,80.9,0.536,4.144166666666667,19.5214156444802,0.1293384275085461,0.0265229615745079,0.0263355201499531,0.0770384254920337,0.0522024367385192,0.0609184629803186,0.1274601686972821,0.450796626054358,0.0611996251171508,0.0388940955951265,0.031302717900656,0.0245548266166822,0.0225866916588566,88.89999999999998,1.0001874765654295
D22A106,2008,759,22. Dogu Karadeniz Havzasi,BATLAMA D. ÇUKURKÖY,"38°18'30"" Doğu - 40°50'36"" Kuzey",40.843,38.308,73.059,122.0,607.0,19.2,74030000.0,3.085,2.345,12.451,0.588,19.222,50.59,6.169,31.4,21.9,10.2,2.26,9.53,16.8,8.46,9.53,32.8,3.7,0.704,2.13,0.472,0.782,0.472,0.347,1.04,2.13,0.546,0.347,0.268,0.397,0.17,0.079,3.16,4.22,2.02,1.12,2.92,7.07,1.59,1.92,2.62,0.843,0.347,0.313,25.9,34.6,16.6,9.14,23.9,58.0,13.0,15.7,21.5,6.91,2.85,2.57,69.3,89.7,44.4,24.5,59.9,155.0,33.8,42.0,55.7,18.5,7.63,6.65,8.46,10.9,5.42,2.99,7.31,18.9,4.12,5.13,6.8,2.26,0.93,0.811,32.8,0.079,2.34525,13.985715808549196,0.0336851081974203,0.1141680395387149,0.1477759472817133,0.0731466227347611,0.0403624382207578,0.0986820428336079,0.2553542009884679,0.0556836902800658,0.0691927512355848,0.0917627677100494,0.0304777594728171,0.0125700164744645,0.0109555189456342,50.59,0.9998682216511826
D22A106,2016,904,22. Dogu Karadeniz Havzasi,BATLAMA D. ÇUKURKÖY,"38°18'30"" Doğu - 40°50'36"" Kuzey",40.843,38.308,73.059,122.0,1012.0,32.0,123520000.0,3.206,3.916,14.792,1.647,32.118,84.308,10.293,16.6,17.9,5.35,17.9,21.1,11.0,8.99,33.5,19.1,13.1,1.96,11.0,0.809,1.37,1.37,1.52,3.35,2.41,2.41,2.26,1.52,1.13,0.809,0.809,3.31,4.05,2.03,5.43,6.8,4.66,3.96,6.63,3.93,2.9,1.05,2.24,27.2,33.2,16.7,44.5,55.7,38.2,32.5,54.3,32.3,23.8,8.62,18.4,72.8,86.1,44.6,119.0,140.0,102.0,84.2,145.0,83.6,63.7,23.1,47.6,8.88,10.5,5.44,14.6,17.0,12.5,10.3,17.7,10.2,7.77,2.82,5.81,33.5,0.809,3.915833333333333,8.555011704618005,0.2065971483294318,0.0719367588932806,0.0850790513833992,0.0440711462450592,0.1175889328063241,0.1383399209486166,0.1007905138339921,0.0832015810276679,0.1432806324110672,0.0826086956521739,0.0629446640316205,0.0228260869565217,0.0470355731225296,84.30833333333335,1.0002965305920726
D22A106,2006,814,22. Dogu Karadeniz Havzasi,BATLAMA D. ÇUKURKÖY,"38°18'30"" Doğu - 40°50'36"" Kuzey",40.843,38.308,73.059,122.0,837.0,26.6,102150000.0,3.684,3.243,22.283,1.138,26.572,69.817,8.512,39.7,18.6,5.4,7.8,17.9,16.5,29.8,20.0,1.5,107.0,1.5,1.7,1.3,1.4,1.2,1.03,1.14,1.86,1.6,1.03,0.842,0.774,0.842,0.638,6.92,5.75,1.82,1.92,3.65,4.43,4.18,3.58,0.945,3.79,0.983,0.946,56.8,47.1,14.9,15.7,29.9,36.3,34.2,29.4,7.75,31.0,8.05,7.76,152.0,122.0,39.9,42.1,72.4,97.2,88.7,78.6,20.1,83.1,21.6,20.1,18.5,14.9,4.86,5.14,8.83,11.9,10.8,9.59,2.45,10.1,2.63,2.45,107.0,0.638,3.242833333333333,32.99583697383975,0.1967415326103716,0.1816009557945042,0.1457586618876941,0.0476702508960573,0.0502986857825567,0.0864994026284348,0.1161290322580645,0.105973715651135,0.0939068100358422,0.0240143369175627,0.0992831541218638,0.0258064516129032,0.0240143369175627,69.81666666666668,0.9990451181666268
D22A106,2014,918,22. Dogu Karadeniz Havzasi,BATLAMA D. ÇUKURKÖY,"38°18'30"" Doğu - 40°50'36"" Kuzey",40.843,38.308,73.059,122.0,743.0,23.6,90690000.0,3.012,2.889,23.222,0.512,23.679,61.94,7.557,32.7,106.0,12.5,15.6,12.6,13.8,8.57,5.4,31.7,23.9,10.1,5.8,0.468,0.854,0.628,0.76,0.768,0.426,0.204,0.1,0.1,0.534,0.39,0.91,3.91,6.68,3.53,4.33,4.37,2.82,1.29,0.368,2.68,2.07,0.809,1.81,32.1,54.8,28.9,35.5,35.8,23.1,10.6,3.02,21.9,16.9,6.63,14.9,85.9,142.0,77.4,95.2,86.7,61.9,27.5,8.08,56.9,45.4,17.8,38.5,10.5,17.3,9.44,11.6,10.6,7.56,3.36,0.986,6.94,5.53,2.17,4.7,106.0,0.1,2.8889166666666664,36.69195488504919,0.0346150517783482,0.1156123822341857,0.1911170928667564,0.1041722745625841,0.1281292059219381,0.1166890982503364,0.0833109017496635,0.0370121130551817,0.0108748317631224,0.0765814266487214,0.0611036339165545,0.0239569313593539,0.0518169582772543,61.94,0.9996232913572276
D22A106,2020,869,22. Dogu Karadeniz Havzasi,BATLAMA D. ÇUKURKÖY,"38°18'30"" Doğu - 40°50'36"" Kuzey",40.843,38.308,73.059,122.0,751.0,23.7,91600000.0,3.209,2.898,18.156,1.332,23.741,62.508,7.633,28.1,31.7,7.78,19.1,24.5,11.5,8.26,18.5,3.35,8.63,55.2,1.25,1.13,0.519,0.519,1.81,2.21,3.43,2.26,1.29,1.13,0.691,0.577,0.416,2.86,2.02,1.52,3.15,5.3,6.19,4.27,4.2,1.4,1.52,1.74,0.609,23.4,16.5,12.4,25.8,43.4,50.8,35.0,34.5,11.5,12.4,14.2,4.99,62.7,42.9,33.3,69.1,109.0,136.0,90.7,92.3,29.8,33.3,38.1,12.9,7.65,5.23,4.06,8.43,13.3,16.6,11.1,11.3,3.64,4.06,4.65,1.58,55.2,0.416,2.8982500000000004,19.04597602001208,0.1435348917450185,0.0834886817576564,0.0571238348868175,0.044340878828229,0.0920106524633821,0.1451398135818908,0.1810918774966711,0.1207723035952064,0.1229027962716378,0.0396804260985352,0.044340878828229,0.0507323568575233,0.0171770972037283,62.508333333333326,1.001199840021331
D22A106,2007,774,22. Dogu Karadeniz Havzasi,BATLAMA D. ÇUKURKÖY,"38°18'30"" Doğu - 40°50'36"" Kuzey",40.843,38.308,73.059,122.0,680.0,21.6,82980000.0,3.333,2.629,16.49,0.95,21.574,56.708,6.915,7.8,12.5,6.6,9.88,12.0,20.7,20.0,23.9,20.7,34.3,15.7,13.8,0.706,0.968,0.706,0.968,1.6,2.02,1.4,0.774,0.502,0.502,0.704,0.546,1.44,2.62,1.36,2.32,3.08,5.45,3.93,5.17,0.923,2.27,1.19,1.79,11.8,21.5,11.2,19.1,25.3,44.7,32.3,42.4,7.56,18.6,9.73,14.7,31.6,55.7,30.0,51.0,61.1,120.0,83.6,114.0,19.6,49.7,26.1,38.1,3.86,6.8,3.65,6.23,7.45,14.6,10.2,13.9,2.39,6.07,3.18,4.65,34.3,0.502,2.6285833333333333,13.048853945407854,0.1909773959357068,0.0464705882352941,0.0819117647058823,0.0441176470588235,0.075,0.0898529411764706,0.1764705882352941,0.1229411764705882,0.1676470588235294,0.0288235294117647,0.0730882352941176,0.0383823529411764,0.0560294117647058,56.70833333333334,0.999265246142542
D14A200,2019,503,14. Yesilirmak Havzasi,YEŞİLIRMAK N. KIZILKÖY,"36°40'46"" Doğu - 40°22'38"" Kuzey",40.377,36.679,77.058,2777.74,67.0,2.1,186410000.0,5.91,5.876,9.436,2.852,2.117,5.588,15.534,13.2,0.494,0.779,3.32,2.59,5.78,3.97,15.6,18.9,18.5,18.1,12.0,0.569,0.0,0.0,0.551,1.46,1.49,1.42,2.16,3.05,13.6,2.88,7.04,2.31,0.139,0.238,1.59,1.85,2.52,2.6,7.07,11.5,16.3,14.3,10.1,0.832,0.05,0.086,0.572,0.668,0.906,0.935,2.55,4.13,5.87,5.16,3.65,2.23,0.13,0.229,1.53,1.61,2.43,2.42,6.82,10.7,15.7,13.8,9.46,6.19,0.361,0.636,4.26,4.49,6.74,6.73,18.9,29.7,43.7,38.4,26.3,18.9,0.0,5.876416666666667,3.216245727980487,0.0,0.0332835820895522,0.0019402985074626,0.0034179104477611,0.0228358208955223,0.0240298507462686,0.0362686567164179,0.0361194029850746,0.1017910447761194,0.1597014925373134,0.2343283582089552,0.2059701492537313,0.1411940298507462,5.58825,0.9991201777539184
D14A200,2020,511,14. Yesilirmak Havzasi,YEŞİLIRMAK N. KIZILKÖY,"36°40'46"" Doğu - 40°22'38"" Kuzey",40.377,36.679,77.058,2777.74,87.0,2.8,242410000.0,6.787,7.636,14.153,3.834,2.749,7.27,20.201,11.2,0.963,1.67,0.718,6.31,4.53,3.05,19.6,21.8,23.7,21.4,54.9,0.537,0.0,0.0,0.0,0.531,2.16,1.17,1.22,2.39,19.6,14.3,4.1,3.17,0.452,0.191,0.023,1.97,3.27,1.85,11.4,14.8,22.5,17.5,14.5,1.14,0.163,0.069,0.008,0.708,1.18,0.666,4.09,5.34,8.09,6.31,5.22,3.05,0.422,0.184,0.022,1.78,3.15,1.73,11.0,13.8,21.7,16.9,13.5,8.48,1.17,0.512,0.062,4.93,8.76,4.8,30.4,38.5,60.2,47.0,37.6,54.9,0.0,7.6355,7.190098880230502,0.0,0.0350574712643678,0.0048505747126436,0.0021149425287356,0.0002528735632183,0.0204597701149425,0.0362068965517241,0.0198850574712643,0.1264367816091954,0.1586206896551724,0.2494252873563218,0.1942528735632183,0.1551724137931034,7.269833333333334,0.997271831082785
D22A098,2020,866,22. Dogu Karadeniz Havzasi,AKSU D. SÜRMEN,"38°22'0"" Doğu - 40°36'0"" Kuzey",40.6,38.367,79.1,321.5,536.0,16.9,172320000.0,7.005,5.435,12.496,2.551,16.908,44.658,14.36,4.35,6.46,5.29,4.72,14.7,18.1,17.6,33.9,15.1,6.08,21.4,2.25,0.921,1.12,1.18,1.18,1.64,2.83,5.64,8.79,3.97,1.53,1.01,0.798,1.5,2.09,2.06,1.79,3.74,10.0,10.9,19.8,8.1,2.67,1.61,0.955,4.67,6.49,6.4,5.57,11.6,31.2,34.0,61.5,25.2,8.3,5.0,2.97,12.5,16.8,17.2,14.9,29.1,83.6,88.2,165.0,65.3,22.2,13.4,7.7,4.02,5.41,5.51,4.79,9.36,26.9,28.4,53.0,21.0,7.15,4.3,2.48,33.9,0.798,5.434583333333333,6.237828720386414,0.1468373840374147,0.023320895522388,0.0313432835820895,0.0320895522388059,0.0277985074626865,0.0542910447761194,0.1559701492537313,0.1645522388059701,0.3078358208955223,0.1218283582089552,0.0414179104477611,0.025,0.014365671641791,44.65833333333334,1.0001866019779808
D22A098,2014,915,22. Dogu Karadeniz Havzasi,AKSU D. SÜRMEN,"38°22'0"" Doğu - 40°36'0"" Kuzey",40.6,38.367,79.1,321.5,415.0,13.1,133310000.0,6.53,4.214,12.359,2.134,13.115,34.568,11.109,21.4,2.9,2.17,1.96,3.05,18.1,27.4,32.7,13.7,4.49,5.84,14.6,1.45,1.1,0.578,0.777,0.891,1.48,6.08,7.02,3.1,1.73,0.724,0.675,3.56,1.56,1.13,1.05,1.32,6.07,11.2,12.1,6.45,2.31,1.46,2.36,11.1,4.86,3.51,3.27,4.11,18.9,34.9,37.6,20.1,7.17,4.53,7.33,29.7,12.6,9.41,8.76,9.94,50.6,90.5,101.0,52.0,19.2,12.1,19.0,9.53,4.05,3.03,2.82,3.2,16.3,29.1,32.4,16.7,6.17,3.9,6.11,32.7,0.578,4.214166666666667,7.759541229978248,0.1371564168479335,0.0715662650602409,0.0303614457831325,0.0226746987951807,0.0211084337349397,0.0239518072289156,0.1219277108433734,0.2180722891566265,0.2433734939759036,0.1253012048192771,0.0462650602409638,0.029156626506024,0.0457831325301204,34.5675,1.0004580410308332
D22A098,2015,895,22. Dogu Karadeniz Havzasi,AKSU D. SÜRMEN,"38°22'0"" Doğu - 40°36'0"" Kuzey",40.6,38.367,79.1,321.5,862.0,27.3,277140000.0,6.982,8.774,22.004,4.786,27.288,71.896,23.095,17.6,12.6,18.9,6.13,4.39,22.9,64.7,50.0,44.0,14.4,5.83,2.6,1.74,3.97,2.53,1.85,2.06,3.05,9.39,16.4,12.9,1.95,1.01,0.583,4.84,6.5,6.95,2.94,2.88,7.97,18.4,27.5,20.0,4.85,1.54,0.912,15.1,20.2,21.6,9.15,8.97,24.8,57.1,85.5,62.3,15.1,4.79,2.84,40.3,52.4,57.9,24.5,21.7,66.4,148.0,229.0,162.0,40.4,12.8,7.35,13.0,16.8,18.6,7.88,6.98,21.3,47.6,73.6,51.9,13.0,4.12,2.36,64.7,0.583,8.7735,7.374479968085713,0.0664501054311278,0.0467517401392111,0.0607888631090487,0.0671693735498839,0.0284222737819025,0.0251740139211136,0.077030162412993,0.1716937354988399,0.265661252900232,0.1879350348027842,0.0468677494199535,0.0148491879350348,0.0085266821345707,71.89583333333333,0.9991306867574616
D22A098,2013,865,22. Dogu Karadeniz Havzasi,AKSU D. SÜRMEN,"38°22'0"" Doğu - 40°36'0"" Kuzey",40.6,38.367,79.1,321.5,763.0,24.2,245280000.0,7.298,7.761,18.199,3.903,24.149,63.525,20.44,5.69,44.9,7.49,5.24,5.46,45.9,37.8,33.6,17.1,4.67,2.35,8.19,0.724,0.96,1.96,1.65,2.06,2.78,14.0,14.7,3.82,1.92,1.13,1.13,1.26,10.0,3.99,2.78,2.86,14.0,21.0,23.1,7.82,2.87,1.57,1.88,3.9,31.1,12.4,8.65,8.9,43.7,65.3,71.9,24.3,8.92,4.87,5.85,10.5,80.7,33.3,23.2,21.5,117.0,169.0,192.0,63.0,23.9,13.0,15.2,3.36,25.9,10.7,7.45,6.92,37.6,54.4,61.9,20.3,7.68,4.19,4.88,45.9,0.724,7.760833333333333,5.914313325459036,0.0932889509288091,0.0137614678899082,0.1057667103538663,0.0436435124508519,0.0304062909567496,0.028178243774574,0.1533420707732634,0.2214941022280472,0.2516382699868938,0.0825688073394495,0.0313237221494102,0.0170380078636959,0.019921363040629,63.525000000000006,1.0009182736455462
D22A098,2008,754,22. Dogu Karadeniz Havzasi,AKSU D. SÜRMEN,"38°22'0"" Doğu - 40°36'0"" Kuzey",40.6,38.367,79.1,321.5,720.0,22.8,231410000.0,7.318,7.318,28.122,3.358,22.759,60.017,19.284,32.7,122.0,5.64,3.23,3.67,54.2,38.0,26.5,24.7,5.46,13.7,7.67,0.743,2.57,2.7,2.02,2.24,3.97,7.96,9.7,5.02,1.57,1.03,0.777,3.4,7.68,3.38,2.32,2.51,18.4,19.8,15.6,9.34,2.7,1.39,1.3,10.6,23.9,10.5,7.23,7.8,57.3,61.6,48.4,29.0,8.39,4.33,4.06,28.3,61.9,28.2,19.4,19.5,153.0,160.0,130.0,75.3,22.5,11.6,10.5,9.11,19.9,9.06,6.22,6.28,49.3,51.3,41.7,24.2,7.23,3.73,3.38,122.0,0.743,7.318333333333332,16.67046230926896,0.1015258483261216,0.0393055555555555,0.0859722222222222,0.0391666666666666,0.0269444444444444,0.0270833333333333,0.2125,0.2222222222222222,0.1805555555555555,0.1045833333333333,0.03125,0.0161111111111111,0.0145833333333333,60.01666666666666,0.9997222993612886
D22A098,2019,874,22. Dogu Karadeniz Havzasi,AKSU D. SÜRMEN,"38°22'0"" Doğu - 40°36'0"" Kuzey",40.6,38.367,79.1,321.5,725.0,23.0,233120000.0,7.178,7.377,17.668,3.096,22.935,60.475,19.427,21.2,13.1,19.4,9.41,7.96,17.7,38.7,51.4,19.4,6.71,3.59,3.45,0.909,1.74,2.44,2.32,1.97,2.32,4.35,13.4,4.35,1.44,0.987,0.921,3.02,4.52,6.6,3.66,3.46,6.89,17.1,27.1,10.5,2.78,1.52,1.37,9.39,14.1,20.5,11.4,10.8,21.4,53.3,84.2,32.5,8.66,4.72,4.25,25.1,36.5,55.0,30.5,26.1,57.4,138.0,226.0,84.3,23.2,12.6,11.0,8.08,11.7,17.7,9.8,8.38,18.4,44.4,72.5,27.1,7.46,4.06,3.54,51.4,0.909,7.376666666666666,6.967916854948035,0.1232263895164934,0.0346206896551724,0.0503448275862069,0.0758620689655172,0.0420689655172413,0.036,0.0791724137931034,0.1903448275862068,0.3117241379310345,0.1162758620689655,0.032,0.0173793103448275,0.0151724137931034,60.475,0.9990354140829544
D22A098,2012,860,22. Dogu Karadeniz Havzasi,AKSU D. SÜRMEN,"38°22'0"" Doğu - 40°36'0"" Kuzey",40.6,38.367,79.1,321.5,668.0,21.1,214900000.0,7.057,6.802,14.912,3.291,21.174,55.707,17.908,1.96,2.78,1.96,1.48,2.17,7.09,41.0,49.8,57.8,6.8,3.83,2.28,0.891,1.24,0.96,0.891,1.17,1.03,4.02,21.8,4.39,1.48,0.891,0.724,1.24,1.74,1.27,1.13,1.29,2.74,23.5,28.6,14.9,2.8,1.4,1.01,3.85,5.4,3.95,3.53,4.01,8.54,73.2,88.9,46.5,8.72,4.36,3.13,10.3,14.0,10.6,9.45,10.1,22.9,190.0,238.0,120.0,23.3,11.7,8.13,3.31,4.5,3.4,3.04,3.23,7.35,61.0,76.5,38.7,7.51,3.75,2.61,57.8,0.724,6.801666666666667,8.49791717716246,0.106444498897329,0.0154191616766467,0.0209580838323353,0.0158682634730538,0.0141467065868263,0.0151197604790419,0.0342814371257485,0.2844311377245509,0.3562874251497006,0.1796407185628742,0.034880239520958,0.0175149700598802,0.0121706586826347,55.70666666666667,0.9992819530876016
D22A098,2018,906,22. Dogu Karadeniz Havzasi,AKSU D. SÜRMEN,"38°22'0"" Doğu - 40°36'0"" Kuzey",40.6,38.367,79.1,321.5,610.0,19.3,196050000.0,7.151,6.194,17.186,2.784,19.283,50.858,16.338,6.32,8.3,29.0,7.31,11.1,35.1,21.2,46.5,25.3,7.96,3.74,4.4,0.728,1.01,1.74,1.36,1.74,2.36,6.58,10.8,3.9,1.58,0.808,0.808,1.63,2.51,4.28,2.53,4.21,13.3,12.7,17.7,9.79,2.96,1.47,1.25,5.06,7.8,13.3,7.86,13.1,41.4,39.6,55.1,30.5,9.22,4.57,3.89,13.6,20.2,35.7,21.1,31.7,111.0,103.0,148.0,79.0,24.7,12.2,10.1,4.36,6.5,11.5,6.77,10.2,35.7,33.0,47.5,25.4,7.94,3.94,3.24,46.5,0.728,6.194166666666667,7.5070630969998655,0.1175299340777613,0.0222950819672131,0.0331147540983606,0.0585245901639344,0.0345901639344262,0.0519672131147541,0.1819672131147541,0.1688524590163934,0.2426229508196721,0.1295081967213114,0.0404918032786885,0.02,0.0165573770491803,50.85833333333334,0.999508438472882
D22A098,2017,902,22. Dogu Karadeniz Havzasi,AKSU D. SÜRMEN,"38°22'0"" Doğu - 40°36'0"" Kuzey",40.6,38.367,79.1,321.5,767.0,24.3,246610000.0,7.285,7.807,15.745,4.214,24.291,63.885,20.551,5.91,4.79,5.91,4.57,11.6,17.1,41.7,41.0,26.2,14.0,10.7,5.46,0.808,0.706,0.808,0.808,0.96,5.53,9.74,17.1,8.64,3.69,1.12,0.655,1.38,1.22,1.23,1.08,3.57,10.1,21.5,26.5,16.6,6.14,3.34,1.02,4.31,3.81,3.83,3.36,11.1,31.3,66.8,82.5,51.8,19.1,10.4,3.18,11.5,9.87,10.3,9.0,26.9,83.8,173.0,221.0,134.0,51.2,27.8,8.25,3.71,3.17,3.3,2.89,8.65,27.0,55.7,71.0,43.1,16.5,8.94,2.65,41.7,0.655,7.8066666666666675,5.341588385994876,0.0839026473099914,0.014993481095176,0.0128683181225554,0.0134289439374185,0.0117340286831812,0.0350717079530638,0.1092568448500651,0.2255541069100391,0.288135593220339,0.1747066492829204,0.0667535853976531,0.036245110821382,0.0107561929595827,63.885,1.000495682345882
D22A098,2016,901,22. Dogu Karadeniz Havzasi,AKSU D. SÜRMEN,"38°22'0"" Doğu - 40°36'0"" Kuzey",40.6,38.367,79.1,321.5,814.0,25.7,261550000.0,7.197,8.294,17.473,3.48,25.773,67.85,21.796,5.44,10.5,4.85,7.31,15.1,23.4,49.0,41.0,29.1,17.2,6.78,0.0,0.632,0.939,1.01,1.22,1.84,2.88,7.49,15.5,7.25,0.633,1.53,0.836,1.48,2.66,1.82,2.3,6.18,8.99,22.5,25.7,16.2,7.55,2.56,1.59,4.6,8.28,5.66,7.15,19.2,28.0,69.8,79.8,50.4,23.5,7.95,4.94,12.3,21.5,15.2,19.1,48.2,74.9,181.0,214.0,131.0,62.9,21.3,12.8,3.96,6.9,4.87,6.15,15.5,24.1,58.2,68.7,42.0,20.2,6.85,4.12,49.0,0.632,8.294166666666667,5.907766502562041,0.0761981312167185,0.0151105651105651,0.0264127764127764,0.0186732186732186,0.0234643734643734,0.0592137592137592,0.092014742014742,0.2223587223587223,0.2628992628992629,0.1609336609336609,0.0772727272727272,0.0261670761670761,0.0157248157248157,67.85,0.9997543601080816
